Copyright 1986-2022 Xilinx, Inc. All Rights Reserved.
---------------------------------------------------------------------------------------------------------------------------------------------------------------------------------------------------------------------------
| Tool Version : Vivado v.2022.2 (win64) Build 3671981 Fri Oct 14 05:00:03 MDT 2022
| Date         : Tue Sep 29 13:13:34 2026
| Host         : DESKTOP-0CS4U37 running 64-bit major release  (build 9200)
| Command      : report_timing_summary -max_paths 10 -report_unconstrained -file phase1_top_timing_summary_routed.rpt -pb phase1_top_timing_summary_routed.pb -rpx phase1_top_timing_summary_routed.rpx -warn_on_violation
| Design       : phase1_top
| Device       : 7a35t-cpg236
| Speed File   : -1  PRODUCTION 1.23 2018-06-13
---------------------------------------------------------------------------------------------------------------------------------------------------------------------------------------------------------------------------

Timing Summary Report

------------------------------------------------------------------------------------------------
| Timer Settings
| --------------
------------------------------------------------------------------------------------------------

  Enable Multi Corner Analysis               :  Yes
  Enable Pessimism Removal                   :  Yes
  Pessimism Removal Resolution               :  Nearest Common Node
  Enable Input Delay Default Clock           :  No
  Enable Preset / Clear Arcs                 :  No
  Disable Flight Delays                      :  No
  Ignore I/O Paths                           :  No
  Timing Early Launch at Borrowing Latches   :  No
  Borrow Time for Max Delay Exceptions       :  Yes
  Merge Timing Exceptions                    :  Yes

  Corner  Analyze    Analyze    
  Name    Max Paths  Min Paths  
  ------  ---------  ---------  
  Slow    Yes        Yes        
  Fast    Yes        Yes        


------------------------------------------------------------------------------------------------
| Report Methodology
| ------------------
------------------------------------------------------------------------------------------------

Rule       Severity  Description                       Violations  
---------  --------  --------------------------------  ----------  
HPDR-1     Warning   Port pin direction inconsistency  2           
TIMING-18  Warning   Missing input or output delay     37          

Note: This report is based on the most recent report_methodology run and may not be up-to-date. Run report_methodology on the current design for the latest report.



check_timing report

Table of Contents
-----------------
1. checking no_clock (0)
2. checking constant_clock (0)
3. checking pulse_width_clock (0)
4. checking unconstrained_internal_endpoints (0)
5. checking no_input_delay (2)
6. checking no_output_delay (39)
7. checking multiple_clock (0)
8. checking generated_clocks (0)
9. checking loops (0)
10. checking partial_input_delay (0)
11. checking partial_output_delay (0)
12. checking latch_loops (0)

1. checking no_clock (0)
------------------------
 There are 0 register/latch pins with no clock.


2. checking constant_clock (0)
------------------------------
 There are 0 register/latch pins with constant_clock.


3. checking pulse_width_clock (0)
---------------------------------
 There are 0 register/latch pins which need pulse_width check


4. checking unconstrained_internal_endpoints (0)
------------------------------------------------
 There are 0 pins that are not constrained for maximum delay.

 There are 0 pins that are not constrained for maximum delay due to constant clock.


5. checking no_input_delay (2)
------------------------------
 There is 1 input port with no input delay specified. (HIGH)

 There is 1 input port with no input delay but user has a false path constraint. (MEDIUM)


6. checking no_output_delay (39)
--------------------------------
 There are 36 ports with no output delay specified. (HIGH)

 There are 3 ports with no output delay but user has a false path constraint (MEDIUM)

 There are 0 ports with no output delay but with a timing clock defined on it or propagating through it


7. checking multiple_clock (0)
------------------------------
 There are 0 register/latch pins with multiple clocks.


8. checking generated_clocks (0)
--------------------------------
 There are 0 generated clocks that are not connected to a clock source.


9. checking loops (0)
---------------------
 There are 0 combinational loops in the design.


10. checking partial_input_delay (0)
------------------------------------
 There are 0 input ports with partial input delay specified.


11. checking partial_output_delay (0)
-------------------------------------
 There are 0 ports with partial output delay specified.


12. checking latch_loops (0)
----------------------------
 There are 0 combinational latch loops in the design through latch input



------------------------------------------------------------------------------------------------
| Design Timing Summary
| ---------------------
------------------------------------------------------------------------------------------------

    WNS(ns)      TNS(ns)  TNS Failing Endpoints  TNS Total Endpoints      WHS(ns)      THS(ns)  THS Failing Endpoints  THS Total Endpoints     WPWS(ns)     TPWS(ns)  TPWS Failing Endpoints  TPWS Total Endpoints  
    -------      -------  ---------------------  -------------------      -------      -------  ---------------------  -------------------     --------     --------  ----------------------  --------------------  
      3.257        0.000                      0                  878        0.140        0.000                      0                  878        7.000        0.000                       0                   453  


All user specified timing constraints are met.


------------------------------------------------------------------------------------------------
| Clock Summary
| -------------
------------------------------------------------------------------------------------------------

Clock    Waveform(ns)       Period(ns)      Frequency(MHz)
-----    ------------       ----------      --------------
sys_clk  {0.000 7.500}      15.000          66.667          


------------------------------------------------------------------------------------------------
| Intra Clock Table
| -----------------
------------------------------------------------------------------------------------------------

Clock             WNS(ns)      TNS(ns)  TNS Failing Endpoints  TNS Total Endpoints      WHS(ns)      THS(ns)  THS Failing Endpoints  THS Total Endpoints     WPWS(ns)     TPWS(ns)  TPWS Failing Endpoints  TPWS Total Endpoints  
-----             -------      -------  ---------------------  -------------------      -------      -------  ---------------------  -------------------     --------     --------  ----------------------  --------------------  
sys_clk             3.257        0.000                      0                  878        0.140        0.000                      0                  878        7.000        0.000                       0                   453  


------------------------------------------------------------------------------------------------
| Inter Clock Table
| -----------------
------------------------------------------------------------------------------------------------

From Clock    To Clock          WNS(ns)      TNS(ns)  TNS Failing Endpoints  TNS Total Endpoints      WHS(ns)      THS(ns)  THS Failing Endpoints  THS Total Endpoints  
----------    --------          -------      -------  ---------------------  -------------------      -------      -------  ---------------------  -------------------  


------------------------------------------------------------------------------------------------
| Other Path Groups Table
| -----------------------
------------------------------------------------------------------------------------------------

Path Group    From Clock    To Clock          WNS(ns)      TNS(ns)  TNS Failing Endpoints  TNS Total Endpoints      WHS(ns)      THS(ns)  THS Failing Endpoints  THS Total Endpoints  
----------    ----------    --------          -------      -------  ---------------------  -------------------      -------      -------  ---------------------  -------------------  


------------------------------------------------------------------------------------------------
| User Ignored Path Table
| -----------------------
------------------------------------------------------------------------------------------------

Path Group    From Clock    To Clock    
----------    ----------    --------    
(none)        sys_clk                     
(none)                      sys_clk       


------------------------------------------------------------------------------------------------
| Unconstrained Path Table
| ------------------------
------------------------------------------------------------------------------------------------

Path Group    From Clock    To Clock    
----------    ----------    --------    
(none)        sys_clk                     
(none)                      sys_clk       


------------------------------------------------------------------------------------------------
| Timing Details
| --------------
------------------------------------------------------------------------------------------------


---------------------------------------------------------------------------------------------------
From Clock:  sys_clk
  To Clock:  sys_clk

Setup :            0  Failing Endpoints,  Worst Slack        3.257ns,  Total Violation        0.000ns
Hold  :            0  Failing Endpoints,  Worst Slack        0.140ns,  Total Violation        0.000ns
PW    :            0  Failing Endpoints,  Worst Slack        7.000ns,  Total Violation        0.000ns
---------------------------------------------------------------------------------------------------


Max Delay Paths
--------------------------------------------------------------------------------------
Slack (MET) :             3.257ns  (required time - arrival time)
  Source:                 core_inst/if_id_instr_reg[14]/C
                            (rising edge-triggered cell FDCE clocked by sys_clk  {rise@0.000ns fall@7.500ns period=15.000ns})
  Destination:            core_inst/regfile_inst/registers_reg[1][2]/D
                            (rising edge-triggered cell FDCE clocked by sys_clk  {rise@0.000ns fall@7.500ns period=15.000ns})
  Path Group:             sys_clk
  Path Type:              Setup (Max at Slow Process Corner)
  Requirement:            15.000ns  (sys_clk rise@15.000ns - sys_clk rise@0.000ns)
  Data Path Delay:        11.557ns  (logic 3.432ns (29.697%)  route 8.125ns (70.303%))
  Logic Levels:           14  (CARRY4=5 LUT2=1 LUT3=1 LUT4=1 LUT5=1 LUT6=4 MUXF7=1)
  Clock Path Skew:        -0.046ns (DCD - SCD + CPR)
    Destination Clock Delay (DCD):    4.199ns = ( 19.199 - 15.000 ) 
    Source Clock Delay      (SCD):    4.567ns
    Clock Pessimism Removal (CPR):    0.322ns
  Clock Uncertainty:      0.035ns  ((TSJ^2 + TIJ^2)^1/2 + DJ) / 2 + PE
    Total System Jitter     (TSJ):    0.071ns
    Total Input Jitter      (TIJ):    0.000ns
    Discrete Jitter          (DJ):    0.000ns
    Phase Error              (PE):    0.000ns

    Location             Delay type                Incr(ns)  Path(ns)    Netlist Resource(s)
  -------------------------------------------------------------------    -------------------
                         (clock sys_clk rise edge)    0.000     0.000 r  
    M18                                               0.000     0.000 r  clk (IN)
                         net (fo=0)                   0.000     0.000    clk
    M18                  IBUF (Prop_ibuf_I_O)         0.938     0.938 r  clk_IBUF_inst/O
                         net (fo=1, routed)           1.972     2.910    clk_IBUF
    BUFGCTRL_X0Y0        BUFG (Prop_bufg_I_O)         0.096     3.006 r  clk_IBUF_BUFG_inst/O
                         net (fo=452, routed)         1.561     4.567    core_inst/clk_IBUF_BUFG
    SLICE_X9Y33          FDCE                                         r  core_inst/if_id_instr_reg[14]/C
  -------------------------------------------------------------------    -------------------
    SLICE_X9Y33          FDCE (Prop_fdce_C_Q)         0.456     5.023 f  core_inst/if_id_instr_reg[14]/Q
                         net (fo=215, routed)         1.215     6.238    core_inst/regfile_inst/Q[7]
    SLICE_X15Y23         LUT4 (Prop_lut4_I3_O)        0.124     6.362 r  core_inst/regfile_inst/m_ahb_hwdata[0]_i_4/O
                         net (fo=1, routed)           0.667     7.029    core_inst/regfile_inst/m_ahb_hwdata[0]_i_4_n_0
    SLICE_X13Y23         LUT6 (Prop_lut6_I5_O)        0.124     7.153 r  core_inst/regfile_inst/m_ahb_hwdata[0]_i_3/O
                         net (fo=1, routed)           0.000     7.153    core_inst/regfile_inst/m_ahb_hwdata[0]_i_3_n_0
    SLICE_X13Y23         MUXF7 (Prop_muxf7_I1_O)      0.217     7.370 r  core_inst/regfile_inst/m_ahb_hwdata_reg[0]_i_1/O
                         net (fo=3, routed)           0.451     7.821    core_inst/regfile_inst/if_id_instr_reg[20]_2[0]
    SLICE_X11Y23         LUT6 (Prop_lut6_I5_O)        0.299     8.120 r  core_inst/regfile_inst/result0_carry_i_4/O
                         net (fo=3, routed)           0.860     8.981    core_inst/regfile_inst/DI[0]
    SLICE_X10Y25         LUT2 (Prop_lut2_I1_O)        0.124     9.105 r  core_inst/regfile_inst/result0_carry_i_8/O
                         net (fo=1, routed)           0.000     9.105    core_inst/alu_inst/S[0]
    SLICE_X10Y25         CARRY4 (Prop_carry4_S[0]_CO[3])
                                                      0.513     9.618 r  core_inst/alu_inst/result0_carry/CO[3]
                         net (fo=1, routed)           0.000     9.618    core_inst/alu_inst/result0_carry_n_0
    SLICE_X10Y26         CARRY4 (Prop_carry4_CI_CO[3])
                                                      0.117     9.735 r  core_inst/alu_inst/result0_carry__0/CO[3]
                         net (fo=1, routed)           0.000     9.735    core_inst/alu_inst/result0_carry__0_n_0
    SLICE_X10Y27         CARRY4 (Prop_carry4_CI_CO[3])
                                                      0.117     9.852 r  core_inst/alu_inst/result0_carry__1/CO[3]
                         net (fo=1, routed)           0.000     9.852    core_inst/alu_inst/result0_carry__1_n_0
    SLICE_X10Y28         CARRY4 (Prop_carry4_CI_CO[3])
                                                      0.117     9.969 r  core_inst/alu_inst/result0_carry__2/CO[3]
                         net (fo=1, routed)           0.000     9.969    core_inst/alu_inst/result0_carry__2_n_0
    SLICE_X10Y29         CARRY4 (Prop_carry4_CI_O[3])
                                                      0.315    10.284 r  core_inst/alu_inst/result0_carry__3/O[3]
                         net (fo=2, routed)           0.634    10.918    core_inst/alu_inst/data0_0[19]
    SLICE_X9Y29          LUT5 (Prop_lut5_I4_O)        0.307    11.225 r  core_inst/alu_inst/m_ahb_haddr[19]_i_1/O
                         net (fo=6, routed)           0.980    12.204    core_inst/alu_inst/next_write_addr[7]
    SLICE_X6Y27          LUT3 (Prop_lut3_I2_O)        0.150    12.354 r  core_inst/alu_inst/registers[1][31]_i_13/O
                         net (fo=1, routed)           1.143    13.497    core_inst/alu_inst/registers[1][31]_i_13_n_0
    SLICE_X6Y29          LUT6 (Prop_lut6_I4_O)        0.328    13.825 f  core_inst/alu_inst/registers[1][31]_i_7/O
                         net (fo=47, routed)          0.915    14.740    core_inst/alu_inst/registers[1][31]_i_14_0
    SLICE_X8Y24          LUT6 (Prop_lut6_I5_O)        0.124    14.864 r  core_inst/alu_inst/registers[1][2]_i_1/O
                         net (fo=7, routed)           1.260    16.124    core_inst/regfile_inst/D[2]
    SLICE_X15Y26         FDCE                                         r  core_inst/regfile_inst/registers_reg[1][2]/D
  -------------------------------------------------------------------    -------------------

                         (clock sys_clk rise edge)   15.000    15.000 r  
    M18                                               0.000    15.000 r  clk (IN)
                         net (fo=0)                   0.000    15.000    clk
    M18                  IBUF (Prop_ibuf_I_O)         0.805    15.805 r  clk_IBUF_inst/O
                         net (fo=1, routed)           1.868    17.673    clk_IBUF
    BUFGCTRL_X0Y0        BUFG (Prop_bufg_I_O)         0.091    17.764 r  clk_IBUF_BUFG_inst/O
                         net (fo=452, routed)         1.435    19.199    core_inst/regfile_inst/clk_IBUF_BUFG
    SLICE_X15Y26         FDCE                                         r  core_inst/regfile_inst/registers_reg[1][2]/C
                         clock pessimism              0.322    19.521    
                         clock uncertainty           -0.035    19.486    
    SLICE_X15Y26         FDCE (Setup_fdce_C_D)       -0.105    19.381    core_inst/regfile_inst/registers_reg[1][2]
  -------------------------------------------------------------------
                         required time                         19.381    
                         arrival time                         -16.124    
  -------------------------------------------------------------------
                         slack                                  3.257    

Slack (MET) :             3.428ns  (required time - arrival time)
  Source:                 core_inst/if_id_instr_reg[14]/C
                            (rising edge-triggered cell FDCE clocked by sys_clk  {rise@0.000ns fall@7.500ns period=15.000ns})
  Destination:            core_inst/regfile_inst/registers_reg[30][11]/D
                            (rising edge-triggered cell FDCE clocked by sys_clk  {rise@0.000ns fall@7.500ns period=15.000ns})
  Path Group:             sys_clk
  Path Type:              Setup (Max at Slow Process Corner)
  Requirement:            15.000ns  (sys_clk rise@15.000ns - sys_clk rise@0.000ns)
  Data Path Delay:        11.435ns  (logic 3.432ns (30.012%)  route 8.003ns (69.988%))
  Logic Levels:           14  (CARRY4=5 LUT2=1 LUT3=1 LUT4=1 LUT5=1 LUT6=4 MUXF7=1)
  Clock Path Skew:        -0.043ns (DCD - SCD + CPR)
    Destination Clock Delay (DCD):    4.202ns = ( 19.202 - 15.000 ) 
    Source Clock Delay      (SCD):    4.567ns
    Clock Pessimism Removal (CPR):    0.322ns
  Clock Uncertainty:      0.035ns  ((TSJ^2 + TIJ^2)^1/2 + DJ) / 2 + PE
    Total System Jitter     (TSJ):    0.071ns
    Total Input Jitter      (TIJ):    0.000ns
    Discrete Jitter          (DJ):    0.000ns
    Phase Error              (PE):    0.000ns

    Location             Delay type                Incr(ns)  Path(ns)    Netlist Resource(s)
  -------------------------------------------------------------------    -------------------
                         (clock sys_clk rise edge)    0.000     0.000 r  
    M18                                               0.000     0.000 r  clk (IN)
                         net (fo=0)                   0.000     0.000    clk
    M18                  IBUF (Prop_ibuf_I_O)         0.938     0.938 r  clk_IBUF_inst/O
                         net (fo=1, routed)           1.972     2.910    clk_IBUF
    BUFGCTRL_X0Y0        BUFG (Prop_bufg_I_O)         0.096     3.006 r  clk_IBUF_BUFG_inst/O
                         net (fo=452, routed)         1.561     4.567    core_inst/clk_IBUF_BUFG
    SLICE_X9Y33          FDCE                                         r  core_inst/if_id_instr_reg[14]/C
  -------------------------------------------------------------------    -------------------
    SLICE_X9Y33          FDCE (Prop_fdce_C_Q)         0.456     5.023 f  core_inst/if_id_instr_reg[14]/Q
                         net (fo=215, routed)         1.215     6.238    core_inst/regfile_inst/Q[7]
    SLICE_X15Y23         LUT4 (Prop_lut4_I3_O)        0.124     6.362 r  core_inst/regfile_inst/m_ahb_hwdata[0]_i_4/O
                         net (fo=1, routed)           0.667     7.029    core_inst/regfile_inst/m_ahb_hwdata[0]_i_4_n_0
    SLICE_X13Y23         LUT6 (Prop_lut6_I5_O)        0.124     7.153 r  core_inst/regfile_inst/m_ahb_hwdata[0]_i_3/O
                         net (fo=1, routed)           0.000     7.153    core_inst/regfile_inst/m_ahb_hwdata[0]_i_3_n_0
    SLICE_X13Y23         MUXF7 (Prop_muxf7_I1_O)      0.217     7.370 r  core_inst/regfile_inst/m_ahb_hwdata_reg[0]_i_1/O
                         net (fo=3, routed)           0.451     7.821    core_inst/regfile_inst/if_id_instr_reg[20]_2[0]
    SLICE_X11Y23         LUT6 (Prop_lut6_I5_O)        0.299     8.120 r  core_inst/regfile_inst/result0_carry_i_4/O
                         net (fo=3, routed)           0.860     8.981    core_inst/regfile_inst/DI[0]
    SLICE_X10Y25         LUT2 (Prop_lut2_I1_O)        0.124     9.105 r  core_inst/regfile_inst/result0_carry_i_8/O
                         net (fo=1, routed)           0.000     9.105    core_inst/alu_inst/S[0]
    SLICE_X10Y25         CARRY4 (Prop_carry4_S[0]_CO[3])
                                                      0.513     9.618 r  core_inst/alu_inst/result0_carry/CO[3]
                         net (fo=1, routed)           0.000     9.618    core_inst/alu_inst/result0_carry_n_0
    SLICE_X10Y26         CARRY4 (Prop_carry4_CI_CO[3])
                                                      0.117     9.735 r  core_inst/alu_inst/result0_carry__0/CO[3]
                         net (fo=1, routed)           0.000     9.735    core_inst/alu_inst/result0_carry__0_n_0
    SLICE_X10Y27         CARRY4 (Prop_carry4_CI_CO[3])
                                                      0.117     9.852 r  core_inst/alu_inst/result0_carry__1/CO[3]
                         net (fo=1, routed)           0.000     9.852    core_inst/alu_inst/result0_carry__1_n_0
    SLICE_X10Y28         CARRY4 (Prop_carry4_CI_CO[3])
                                                      0.117     9.969 r  core_inst/alu_inst/result0_carry__2/CO[3]
                         net (fo=1, routed)           0.000     9.969    core_inst/alu_inst/result0_carry__2_n_0
    SLICE_X10Y29         CARRY4 (Prop_carry4_CI_O[3])
                                                      0.315    10.284 r  core_inst/alu_inst/result0_carry__3/O[3]
                         net (fo=2, routed)           0.634    10.918    core_inst/alu_inst/data0_0[19]
    SLICE_X9Y29          LUT5 (Prop_lut5_I4_O)        0.307    11.225 r  core_inst/alu_inst/m_ahb_haddr[19]_i_1/O
                         net (fo=6, routed)           0.980    12.204    core_inst/alu_inst/next_write_addr[7]
    SLICE_X6Y27          LUT3 (Prop_lut3_I2_O)        0.150    12.354 r  core_inst/alu_inst/registers[1][31]_i_13/O
                         net (fo=1, routed)           1.143    13.497    core_inst/alu_inst/registers[1][31]_i_13_n_0
    SLICE_X6Y29          LUT6 (Prop_lut6_I4_O)        0.328    13.825 f  core_inst/alu_inst/registers[1][31]_i_7/O
                         net (fo=47, routed)          1.029    14.854    core_inst/alu_inst/registers[1][31]_i_14_0
    SLICE_X12Y27         LUT6 (Prop_lut6_I5_O)        0.124    14.978 r  core_inst/alu_inst/registers[1][11]_i_1/O
                         net (fo=7, routed)           1.024    16.002    core_inst/regfile_inst/D[11]
    SLICE_X14Y28         FDCE                                         r  core_inst/regfile_inst/registers_reg[30][11]/D
  -------------------------------------------------------------------    -------------------

                         (clock sys_clk rise edge)   15.000    15.000 r  
    M18                                               0.000    15.000 r  clk (IN)
                         net (fo=0)                   0.000    15.000    clk
    M18                  IBUF (Prop_ibuf_I_O)         0.805    15.805 r  clk_IBUF_inst/O
                         net (fo=1, routed)           1.868    17.673    clk_IBUF
    BUFGCTRL_X0Y0        BUFG (Prop_bufg_I_O)         0.091    17.764 r  clk_IBUF_BUFG_inst/O
                         net (fo=452, routed)         1.438    19.202    core_inst/regfile_inst/clk_IBUF_BUFG
    SLICE_X14Y28         FDCE                                         r  core_inst/regfile_inst/registers_reg[30][11]/C
                         clock pessimism              0.322    19.524    
                         clock uncertainty           -0.035    19.489    
    SLICE_X14Y28         FDCE (Setup_fdce_C_D)       -0.058    19.431    core_inst/regfile_inst/registers_reg[30][11]
  -------------------------------------------------------------------
                         required time                         19.431    
                         arrival time                         -16.002    
  -------------------------------------------------------------------
                         slack                                  3.428    

Slack (MET) :             3.458ns  (required time - arrival time)
  Source:                 core_inst/if_id_instr_reg[14]/C
                            (rising edge-triggered cell FDCE clocked by sys_clk  {rise@0.000ns fall@7.500ns period=15.000ns})
  Destination:            core_inst/regfile_inst/registers_reg[9][12]/D
                            (rising edge-triggered cell FDCE clocked by sys_clk  {rise@0.000ns fall@7.500ns period=15.000ns})
  Path Group:             sys_clk
  Path Type:              Setup (Max at Slow Process Corner)
  Requirement:            15.000ns  (sys_clk rise@15.000ns - sys_clk rise@0.000ns)
  Data Path Delay:        11.360ns  (logic 3.432ns (30.211%)  route 7.928ns (69.789%))
  Logic Levels:           14  (CARRY4=5 LUT2=1 LUT3=1 LUT4=1 LUT5=1 LUT6=4 MUXF7=1)
  Clock Path Skew:        -0.042ns (DCD - SCD + CPR)
    Destination Clock Delay (DCD):    4.203ns = ( 19.203 - 15.000 ) 
    Source Clock Delay      (SCD):    4.567ns
    Clock Pessimism Removal (CPR):    0.322ns
  Clock Uncertainty:      0.035ns  ((TSJ^2 + TIJ^2)^1/2 + DJ) / 2 + PE
    Total System Jitter     (TSJ):    0.071ns
    Total Input Jitter      (TIJ):    0.000ns
    Discrete Jitter          (DJ):    0.000ns
    Phase Error              (PE):    0.000ns

    Location             Delay type                Incr(ns)  Path(ns)    Netlist Resource(s)
  -------------------------------------------------------------------    -------------------
                         (clock sys_clk rise edge)    0.000     0.000 r  
    M18                                               0.000     0.000 r  clk (IN)
                         net (fo=0)                   0.000     0.000    clk
    M18                  IBUF (Prop_ibuf_I_O)         0.938     0.938 r  clk_IBUF_inst/O
                         net (fo=1, routed)           1.972     2.910    clk_IBUF
    BUFGCTRL_X0Y0        BUFG (Prop_bufg_I_O)         0.096     3.006 r  clk_IBUF_BUFG_inst/O
                         net (fo=452, routed)         1.561     4.567    core_inst/clk_IBUF_BUFG
    SLICE_X9Y33          FDCE                                         r  core_inst/if_id_instr_reg[14]/C
  -------------------------------------------------------------------    -------------------
    SLICE_X9Y33          FDCE (Prop_fdce_C_Q)         0.456     5.023 f  core_inst/if_id_instr_reg[14]/Q
                         net (fo=215, routed)         1.215     6.238    core_inst/regfile_inst/Q[7]
    SLICE_X15Y23         LUT4 (Prop_lut4_I3_O)        0.124     6.362 r  core_inst/regfile_inst/m_ahb_hwdata[0]_i_4/O
                         net (fo=1, routed)           0.667     7.029    core_inst/regfile_inst/m_ahb_hwdata[0]_i_4_n_0
    SLICE_X13Y23         LUT6 (Prop_lut6_I5_O)        0.124     7.153 r  core_inst/regfile_inst/m_ahb_hwdata[0]_i_3/O
                         net (fo=1, routed)           0.000     7.153    core_inst/regfile_inst/m_ahb_hwdata[0]_i_3_n_0
    SLICE_X13Y23         MUXF7 (Prop_muxf7_I1_O)      0.217     7.370 r  core_inst/regfile_inst/m_ahb_hwdata_reg[0]_i_1/O
                         net (fo=3, routed)           0.451     7.821    core_inst/regfile_inst/if_id_instr_reg[20]_2[0]
    SLICE_X11Y23         LUT6 (Prop_lut6_I5_O)        0.299     8.120 r  core_inst/regfile_inst/result0_carry_i_4/O
                         net (fo=3, routed)           0.860     8.981    core_inst/regfile_inst/DI[0]
    SLICE_X10Y25         LUT2 (Prop_lut2_I1_O)        0.124     9.105 r  core_inst/regfile_inst/result0_carry_i_8/O
                         net (fo=1, routed)           0.000     9.105    core_inst/alu_inst/S[0]
    SLICE_X10Y25         CARRY4 (Prop_carry4_S[0]_CO[3])
                                                      0.513     9.618 r  core_inst/alu_inst/result0_carry/CO[3]
                         net (fo=1, routed)           0.000     9.618    core_inst/alu_inst/result0_carry_n_0
    SLICE_X10Y26         CARRY4 (Prop_carry4_CI_CO[3])
                                                      0.117     9.735 r  core_inst/alu_inst/result0_carry__0/CO[3]
                         net (fo=1, routed)           0.000     9.735    core_inst/alu_inst/result0_carry__0_n_0
    SLICE_X10Y27         CARRY4 (Prop_carry4_CI_CO[3])
                                                      0.117     9.852 r  core_inst/alu_inst/result0_carry__1/CO[3]
                         net (fo=1, routed)           0.000     9.852    core_inst/alu_inst/result0_carry__1_n_0
    SLICE_X10Y28         CARRY4 (Prop_carry4_CI_CO[3])
                                                      0.117     9.969 r  core_inst/alu_inst/result0_carry__2/CO[3]
                         net (fo=1, routed)           0.000     9.969    core_inst/alu_inst/result0_carry__2_n_0
    SLICE_X10Y29         CARRY4 (Prop_carry4_CI_O[3])
                                                      0.315    10.284 r  core_inst/alu_inst/result0_carry__3/O[3]
                         net (fo=2, routed)           0.634    10.918    core_inst/alu_inst/data0_0[19]
    SLICE_X9Y29          LUT5 (Prop_lut5_I4_O)        0.307    11.225 r  core_inst/alu_inst/m_ahb_haddr[19]_i_1/O
                         net (fo=6, routed)           0.980    12.204    core_inst/alu_inst/next_write_addr[7]
    SLICE_X6Y27          LUT3 (Prop_lut3_I2_O)        0.150    12.354 r  core_inst/alu_inst/registers[1][31]_i_13/O
                         net (fo=1, routed)           1.143    13.497    core_inst/alu_inst/registers[1][31]_i_13_n_0
    SLICE_X6Y29          LUT6 (Prop_lut6_I4_O)        0.328    13.825 f  core_inst/alu_inst/registers[1][31]_i_7/O
                         net (fo=47, routed)          0.834    14.659    core_inst/alu_inst/registers[1][31]_i_14_0
    SLICE_X12Y27         LUT6 (Prop_lut6_I5_O)        0.124    14.783 r  core_inst/alu_inst/registers[1][12]_i_1/O
                         net (fo=7, routed)           1.144    15.927    core_inst/regfile_inst/D[12]
    SLICE_X13Y29         FDCE                                         r  core_inst/regfile_inst/registers_reg[9][12]/D
  -------------------------------------------------------------------    -------------------

                         (clock sys_clk rise edge)   15.000    15.000 r  
    M18                                               0.000    15.000 r  clk (IN)
                         net (fo=0)                   0.000    15.000    clk
    M18                  IBUF (Prop_ibuf_I_O)         0.805    15.805 r  clk_IBUF_inst/O
                         net (fo=1, routed)           1.868    17.673    clk_IBUF
    BUFGCTRL_X0Y0        BUFG (Prop_bufg_I_O)         0.091    17.764 r  clk_IBUF_BUFG_inst/O
                         net (fo=452, routed)         1.439    19.203    core_inst/regfile_inst/clk_IBUF_BUFG
    SLICE_X13Y29         FDCE                                         r  core_inst/regfile_inst/registers_reg[9][12]/C
                         clock pessimism              0.322    19.525    
                         clock uncertainty           -0.035    19.490    
    SLICE_X13Y29         FDCE (Setup_fdce_C_D)       -0.105    19.385    core_inst/regfile_inst/registers_reg[9][12]
  -------------------------------------------------------------------
                         required time                         19.385    
                         arrival time                         -15.927    
  -------------------------------------------------------------------
                         slack                                  3.458    

Slack (MET) :             3.486ns  (required time - arrival time)
  Source:                 core_inst/if_id_instr_reg[14]/C
                            (rising edge-triggered cell FDCE clocked by sys_clk  {rise@0.000ns fall@7.500ns period=15.000ns})
  Destination:            core_inst/regfile_inst/registers_reg[22][3]/D
                            (rising edge-triggered cell FDCE clocked by sys_clk  {rise@0.000ns fall@7.500ns period=15.000ns})
  Path Group:             sys_clk
  Path Type:              Setup (Max at Slow Process Corner)
  Requirement:            15.000ns  (sys_clk rise@15.000ns - sys_clk rise@0.000ns)
  Data Path Delay:        11.369ns  (logic 3.432ns (30.186%)  route 7.937ns (69.814%))
  Logic Levels:           14  (CARRY4=5 LUT2=1 LUT3=1 LUT4=1 LUT5=1 LUT6=4 MUXF7=1)
  Clock Path Skew:        -0.046ns (DCD - SCD + CPR)
    Destination Clock Delay (DCD):    4.199ns = ( 19.199 - 15.000 ) 
    Source Clock Delay      (SCD):    4.567ns
    Clock Pessimism Removal (CPR):    0.322ns
  Clock Uncertainty:      0.035ns  ((TSJ^2 + TIJ^2)^1/2 + DJ) / 2 + PE
    Total System Jitter     (TSJ):    0.071ns
    Total Input Jitter      (TIJ):    0.000ns
    Discrete Jitter          (DJ):    0.000ns
    Phase Error              (PE):    0.000ns

    Location             Delay type                Incr(ns)  Path(ns)    Netlist Resource(s)
  -------------------------------------------------------------------    -------------------
                         (clock sys_clk rise edge)    0.000     0.000 r  
    M18                                               0.000     0.000 r  clk (IN)
                         net (fo=0)                   0.000     0.000    clk
    M18                  IBUF (Prop_ibuf_I_O)         0.938     0.938 r  clk_IBUF_inst/O
                         net (fo=1, routed)           1.972     2.910    clk_IBUF
    BUFGCTRL_X0Y0        BUFG (Prop_bufg_I_O)         0.096     3.006 r  clk_IBUF_BUFG_inst/O
                         net (fo=452, routed)         1.561     4.567    core_inst/clk_IBUF_BUFG
    SLICE_X9Y33          FDCE                                         r  core_inst/if_id_instr_reg[14]/C
  -------------------------------------------------------------------    -------------------
    SLICE_X9Y33          FDCE (Prop_fdce_C_Q)         0.456     5.023 f  core_inst/if_id_instr_reg[14]/Q
                         net (fo=215, routed)         1.215     6.238    core_inst/regfile_inst/Q[7]
    SLICE_X15Y23         LUT4 (Prop_lut4_I3_O)        0.124     6.362 r  core_inst/regfile_inst/m_ahb_hwdata[0]_i_4/O
                         net (fo=1, routed)           0.667     7.029    core_inst/regfile_inst/m_ahb_hwdata[0]_i_4_n_0
    SLICE_X13Y23         LUT6 (Prop_lut6_I5_O)        0.124     7.153 r  core_inst/regfile_inst/m_ahb_hwdata[0]_i_3/O
                         net (fo=1, routed)           0.000     7.153    core_inst/regfile_inst/m_ahb_hwdata[0]_i_3_n_0
    SLICE_X13Y23         MUXF7 (Prop_muxf7_I1_O)      0.217     7.370 r  core_inst/regfile_inst/m_ahb_hwdata_reg[0]_i_1/O
                         net (fo=3, routed)           0.451     7.821    core_inst/regfile_inst/if_id_instr_reg[20]_2[0]
    SLICE_X11Y23         LUT6 (Prop_lut6_I5_O)        0.299     8.120 r  core_inst/regfile_inst/result0_carry_i_4/O
                         net (fo=3, routed)           0.860     8.981    core_inst/regfile_inst/DI[0]
    SLICE_X10Y25         LUT2 (Prop_lut2_I1_O)        0.124     9.105 r  core_inst/regfile_inst/result0_carry_i_8/O
                         net (fo=1, routed)           0.000     9.105    core_inst/alu_inst/S[0]
    SLICE_X10Y25         CARRY4 (Prop_carry4_S[0]_CO[3])
                                                      0.513     9.618 r  core_inst/alu_inst/result0_carry/CO[3]
                         net (fo=1, routed)           0.000     9.618    core_inst/alu_inst/result0_carry_n_0
    SLICE_X10Y26         CARRY4 (Prop_carry4_CI_CO[3])
                                                      0.117     9.735 r  core_inst/alu_inst/result0_carry__0/CO[3]
                         net (fo=1, routed)           0.000     9.735    core_inst/alu_inst/result0_carry__0_n_0
    SLICE_X10Y27         CARRY4 (Prop_carry4_CI_CO[3])
                                                      0.117     9.852 r  core_inst/alu_inst/result0_carry__1/CO[3]
                         net (fo=1, routed)           0.000     9.852    core_inst/alu_inst/result0_carry__1_n_0
    SLICE_X10Y28         CARRY4 (Prop_carry4_CI_CO[3])
                                                      0.117     9.969 r  core_inst/alu_inst/result0_carry__2/CO[3]
                         net (fo=1, routed)           0.000     9.969    core_inst/alu_inst/result0_carry__2_n_0
    SLICE_X10Y29         CARRY4 (Prop_carry4_CI_O[3])
                                                      0.315    10.284 r  core_inst/alu_inst/result0_carry__3/O[3]
                         net (fo=2, routed)           0.634    10.918    core_inst/alu_inst/data0_0[19]
    SLICE_X9Y29          LUT5 (Prop_lut5_I4_O)        0.307    11.225 r  core_inst/alu_inst/m_ahb_haddr[19]_i_1/O
                         net (fo=6, routed)           0.980    12.204    core_inst/alu_inst/next_write_addr[7]
    SLICE_X6Y27          LUT3 (Prop_lut3_I2_O)        0.150    12.354 r  core_inst/alu_inst/registers[1][31]_i_13/O
                         net (fo=1, routed)           1.143    13.497    core_inst/alu_inst/registers[1][31]_i_13_n_0
    SLICE_X6Y29          LUT6 (Prop_lut6_I4_O)        0.328    13.825 f  core_inst/alu_inst/registers[1][31]_i_7/O
                         net (fo=47, routed)          0.914    14.739    core_inst/alu_inst/registers[1][31]_i_14_0
    SLICE_X12Y25         LUT6 (Prop_lut6_I5_O)        0.124    14.863 r  core_inst/alu_inst/registers[1][3]_i_1/O
                         net (fo=7, routed)           1.073    15.936    core_inst/regfile_inst/D[3]
    SLICE_X12Y23         FDCE                                         r  core_inst/regfile_inst/registers_reg[22][3]/D
  -------------------------------------------------------------------    -------------------

                         (clock sys_clk rise edge)   15.000    15.000 r  
    M18                                               0.000    15.000 r  clk (IN)
                         net (fo=0)                   0.000    15.000    clk
    M18                  IBUF (Prop_ibuf_I_O)         0.805    15.805 r  clk_IBUF_inst/O
                         net (fo=1, routed)           1.868    17.673    clk_IBUF
    BUFGCTRL_X0Y0        BUFG (Prop_bufg_I_O)         0.091    17.764 r  clk_IBUF_BUFG_inst/O
                         net (fo=452, routed)         1.435    19.199    core_inst/regfile_inst/clk_IBUF_BUFG
    SLICE_X12Y23         FDCE                                         r  core_inst/regfile_inst/registers_reg[22][3]/C
                         clock pessimism              0.322    19.521    
                         clock uncertainty           -0.035    19.486    
    SLICE_X12Y23         FDCE (Setup_fdce_C_D)       -0.063    19.423    core_inst/regfile_inst/registers_reg[22][3]
  -------------------------------------------------------------------
                         required time                         19.423    
                         arrival time                         -15.936    
  -------------------------------------------------------------------
                         slack                                  3.486    

Slack (MET) :             3.517ns  (required time - arrival time)
  Source:                 core_inst/if_id_instr_reg[14]/C
                            (rising edge-triggered cell FDCE clocked by sys_clk  {rise@0.000ns fall@7.500ns period=15.000ns})
  Destination:            core_inst/regfile_inst/registers_reg[9][0]/D
                            (rising edge-triggered cell FDCE clocked by sys_clk  {rise@0.000ns fall@7.500ns period=15.000ns})
  Path Group:             sys_clk
  Path Type:              Setup (Max at Slow Process Corner)
  Requirement:            15.000ns  (sys_clk rise@15.000ns - sys_clk rise@0.000ns)
  Data Path Delay:        11.295ns  (logic 3.432ns (30.386%)  route 7.863ns (69.615%))
  Logic Levels:           14  (CARRY4=5 LUT2=1 LUT3=1 LUT4=1 LUT5=1 LUT6=4 MUXF7=1)
  Clock Path Skew:        -0.048ns (DCD - SCD + CPR)
    Destination Clock Delay (DCD):    4.197ns = ( 19.197 - 15.000 ) 
    Source Clock Delay      (SCD):    4.567ns
    Clock Pessimism Removal (CPR):    0.322ns
  Clock Uncertainty:      0.035ns  ((TSJ^2 + TIJ^2)^1/2 + DJ) / 2 + PE
    Total System Jitter     (TSJ):    0.071ns
    Total Input Jitter      (TIJ):    0.000ns
    Discrete Jitter          (DJ):    0.000ns
    Phase Error              (PE):    0.000ns

    Location             Delay type                Incr(ns)  Path(ns)    Netlist Resource(s)
  -------------------------------------------------------------------    -------------------
                         (clock sys_clk rise edge)    0.000     0.000 r  
    M18                                               0.000     0.000 r  clk (IN)
                         net (fo=0)                   0.000     0.000    clk
    M18                  IBUF (Prop_ibuf_I_O)         0.938     0.938 r  clk_IBUF_inst/O
                         net (fo=1, routed)           1.972     2.910    clk_IBUF
    BUFGCTRL_X0Y0        BUFG (Prop_bufg_I_O)         0.096     3.006 r  clk_IBUF_BUFG_inst/O
                         net (fo=452, routed)         1.561     4.567    core_inst/clk_IBUF_BUFG
    SLICE_X9Y33          FDCE                                         r  core_inst/if_id_instr_reg[14]/C
  -------------------------------------------------------------------    -------------------
    SLICE_X9Y33          FDCE (Prop_fdce_C_Q)         0.456     5.023 f  core_inst/if_id_instr_reg[14]/Q
                         net (fo=215, routed)         1.215     6.238    core_inst/regfile_inst/Q[7]
    SLICE_X15Y23         LUT4 (Prop_lut4_I3_O)        0.124     6.362 r  core_inst/regfile_inst/m_ahb_hwdata[0]_i_4/O
                         net (fo=1, routed)           0.667     7.029    core_inst/regfile_inst/m_ahb_hwdata[0]_i_4_n_0
    SLICE_X13Y23         LUT6 (Prop_lut6_I5_O)        0.124     7.153 r  core_inst/regfile_inst/m_ahb_hwdata[0]_i_3/O
                         net (fo=1, routed)           0.000     7.153    core_inst/regfile_inst/m_ahb_hwdata[0]_i_3_n_0
    SLICE_X13Y23         MUXF7 (Prop_muxf7_I1_O)      0.217     7.370 r  core_inst/regfile_inst/m_ahb_hwdata_reg[0]_i_1/O
                         net (fo=3, routed)           0.451     7.821    core_inst/regfile_inst/if_id_instr_reg[20]_2[0]
    SLICE_X11Y23         LUT6 (Prop_lut6_I5_O)        0.299     8.120 r  core_inst/regfile_inst/result0_carry_i_4/O
                         net (fo=3, routed)           0.860     8.981    core_inst/regfile_inst/DI[0]
    SLICE_X10Y25         LUT2 (Prop_lut2_I1_O)        0.124     9.105 r  core_inst/regfile_inst/result0_carry_i_8/O
                         net (fo=1, routed)           0.000     9.105    core_inst/alu_inst/S[0]
    SLICE_X10Y25         CARRY4 (Prop_carry4_S[0]_CO[3])
                                                      0.513     9.618 r  core_inst/alu_inst/result0_carry/CO[3]
                         net (fo=1, routed)           0.000     9.618    core_inst/alu_inst/result0_carry_n_0
    SLICE_X10Y26         CARRY4 (Prop_carry4_CI_CO[3])
                                                      0.117     9.735 r  core_inst/alu_inst/result0_carry__0/CO[3]
                         net (fo=1, routed)           0.000     9.735    core_inst/alu_inst/result0_carry__0_n_0
    SLICE_X10Y27         CARRY4 (Prop_carry4_CI_CO[3])
                                                      0.117     9.852 r  core_inst/alu_inst/result0_carry__1/CO[3]
                         net (fo=1, routed)           0.000     9.852    core_inst/alu_inst/result0_carry__1_n_0
    SLICE_X10Y28         CARRY4 (Prop_carry4_CI_CO[3])
                                                      0.117     9.969 r  core_inst/alu_inst/result0_carry__2/CO[3]
                         net (fo=1, routed)           0.000     9.969    core_inst/alu_inst/result0_carry__2_n_0
    SLICE_X10Y29         CARRY4 (Prop_carry4_CI_O[3])
                                                      0.315    10.284 r  core_inst/alu_inst/result0_carry__3/O[3]
                         net (fo=2, routed)           0.634    10.918    core_inst/alu_inst/data0_0[19]
    SLICE_X9Y29          LUT5 (Prop_lut5_I4_O)        0.307    11.225 r  core_inst/alu_inst/m_ahb_haddr[19]_i_1/O
                         net (fo=6, routed)           0.980    12.204    core_inst/alu_inst/next_write_addr[7]
    SLICE_X6Y27          LUT3 (Prop_lut3_I2_O)        0.150    12.354 r  core_inst/alu_inst/registers[1][31]_i_13/O
                         net (fo=1, routed)           1.143    13.497    core_inst/alu_inst/registers[1][31]_i_13_n_0
    SLICE_X6Y29          LUT6 (Prop_lut6_I4_O)        0.328    13.825 f  core_inst/alu_inst/registers[1][31]_i_7/O
                         net (fo=47, routed)          0.905    14.731    core_inst/alu_inst/registers[1][31]_i_14_0
    SLICE_X10Y23         LUT6 (Prop_lut6_I5_O)        0.124    14.855 r  core_inst/alu_inst/registers[1][0]_i_1/O
                         net (fo=7, routed)           1.007    15.862    core_inst/regfile_inst/D[0]
    SLICE_X15Y24         FDCE                                         r  core_inst/regfile_inst/registers_reg[9][0]/D
  -------------------------------------------------------------------    -------------------

                         (clock sys_clk rise edge)   15.000    15.000 r  
    M18                                               0.000    15.000 r  clk (IN)
                         net (fo=0)                   0.000    15.000    clk
    M18                  IBUF (Prop_ibuf_I_O)         0.805    15.805 r  clk_IBUF_inst/O
                         net (fo=1, routed)           1.868    17.673    clk_IBUF
    BUFGCTRL_X0Y0        BUFG (Prop_bufg_I_O)         0.091    17.764 r  clk_IBUF_BUFG_inst/O
                         net (fo=452, routed)         1.433    19.197    core_inst/regfile_inst/clk_IBUF_BUFG
    SLICE_X15Y24         FDCE                                         r  core_inst/regfile_inst/registers_reg[9][0]/C
                         clock pessimism              0.322    19.519    
                         clock uncertainty           -0.035    19.484    
    SLICE_X15Y24         FDCE (Setup_fdce_C_D)       -0.105    19.379    core_inst/regfile_inst/registers_reg[9][0]
  -------------------------------------------------------------------
                         required time                         19.379    
                         arrival time                         -15.862    
  -------------------------------------------------------------------
                         slack                                  3.517    

Slack (MET) :             3.519ns  (required time - arrival time)
  Source:                 core_inst/if_id_instr_reg[14]/C
                            (rising edge-triggered cell FDCE clocked by sys_clk  {rise@0.000ns fall@7.500ns period=15.000ns})
  Destination:            core_inst/regfile_inst/registers_reg[9][20]/D
                            (rising edge-triggered cell FDCE clocked by sys_clk  {rise@0.000ns fall@7.500ns period=15.000ns})
  Path Group:             sys_clk
  Path Type:              Setup (Max at Slow Process Corner)
  Requirement:            15.000ns  (sys_clk rise@15.000ns - sys_clk rise@0.000ns)
  Data Path Delay:        11.353ns  (logic 3.432ns (30.231%)  route 7.921ns (69.769%))
  Logic Levels:           14  (CARRY4=5 LUT2=1 LUT3=1 LUT4=1 LUT5=1 LUT6=4 MUXF7=1)
  Clock Path Skew:        -0.039ns (DCD - SCD + CPR)
    Destination Clock Delay (DCD):    4.206ns = ( 19.206 - 15.000 ) 
    Source Clock Delay      (SCD):    4.567ns
    Clock Pessimism Removal (CPR):    0.322ns
  Clock Uncertainty:      0.035ns  ((TSJ^2 + TIJ^2)^1/2 + DJ) / 2 + PE
    Total System Jitter     (TSJ):    0.071ns
    Total Input Jitter      (TIJ):    0.000ns
    Discrete Jitter          (DJ):    0.000ns
    Phase Error              (PE):    0.000ns

    Location             Delay type                Incr(ns)  Path(ns)    Netlist Resource(s)
  -------------------------------------------------------------------    -------------------
                         (clock sys_clk rise edge)    0.000     0.000 r  
    M18                                               0.000     0.000 r  clk (IN)
                         net (fo=0)                   0.000     0.000    clk
    M18                  IBUF (Prop_ibuf_I_O)         0.938     0.938 r  clk_IBUF_inst/O
                         net (fo=1, routed)           1.972     2.910    clk_IBUF
    BUFGCTRL_X0Y0        BUFG (Prop_bufg_I_O)         0.096     3.006 r  clk_IBUF_BUFG_inst/O
                         net (fo=452, routed)         1.561     4.567    core_inst/clk_IBUF_BUFG
    SLICE_X9Y33          FDCE                                         r  core_inst/if_id_instr_reg[14]/C
  -------------------------------------------------------------------    -------------------
    SLICE_X9Y33          FDCE (Prop_fdce_C_Q)         0.456     5.023 f  core_inst/if_id_instr_reg[14]/Q
                         net (fo=215, routed)         1.215     6.238    core_inst/regfile_inst/Q[7]
    SLICE_X15Y23         LUT4 (Prop_lut4_I3_O)        0.124     6.362 r  core_inst/regfile_inst/m_ahb_hwdata[0]_i_4/O
                         net (fo=1, routed)           0.667     7.029    core_inst/regfile_inst/m_ahb_hwdata[0]_i_4_n_0
    SLICE_X13Y23         LUT6 (Prop_lut6_I5_O)        0.124     7.153 r  core_inst/regfile_inst/m_ahb_hwdata[0]_i_3/O
                         net (fo=1, routed)           0.000     7.153    core_inst/regfile_inst/m_ahb_hwdata[0]_i_3_n_0
    SLICE_X13Y23         MUXF7 (Prop_muxf7_I1_O)      0.217     7.370 r  core_inst/regfile_inst/m_ahb_hwdata_reg[0]_i_1/O
                         net (fo=3, routed)           0.451     7.821    core_inst/regfile_inst/if_id_instr_reg[20]_2[0]
    SLICE_X11Y23         LUT6 (Prop_lut6_I5_O)        0.299     8.120 r  core_inst/regfile_inst/result0_carry_i_4/O
                         net (fo=3, routed)           0.860     8.981    core_inst/regfile_inst/DI[0]
    SLICE_X10Y25         LUT2 (Prop_lut2_I1_O)        0.124     9.105 r  core_inst/regfile_inst/result0_carry_i_8/O
                         net (fo=1, routed)           0.000     9.105    core_inst/alu_inst/S[0]
    SLICE_X10Y25         CARRY4 (Prop_carry4_S[0]_CO[3])
                                                      0.513     9.618 r  core_inst/alu_inst/result0_carry/CO[3]
                         net (fo=1, routed)           0.000     9.618    core_inst/alu_inst/result0_carry_n_0
    SLICE_X10Y26         CARRY4 (Prop_carry4_CI_CO[3])
                                                      0.117     9.735 r  core_inst/alu_inst/result0_carry__0/CO[3]
                         net (fo=1, routed)           0.000     9.735    core_inst/alu_inst/result0_carry__0_n_0
    SLICE_X10Y27         CARRY4 (Prop_carry4_CI_CO[3])
                                                      0.117     9.852 r  core_inst/alu_inst/result0_carry__1/CO[3]
                         net (fo=1, routed)           0.000     9.852    core_inst/alu_inst/result0_carry__1_n_0
    SLICE_X10Y28         CARRY4 (Prop_carry4_CI_CO[3])
                                                      0.117     9.969 r  core_inst/alu_inst/result0_carry__2/CO[3]
                         net (fo=1, routed)           0.000     9.969    core_inst/alu_inst/result0_carry__2_n_0
    SLICE_X10Y29         CARRY4 (Prop_carry4_CI_O[3])
                                                      0.315    10.284 r  core_inst/alu_inst/result0_carry__3/O[3]
                         net (fo=2, routed)           0.634    10.918    core_inst/alu_inst/data0_0[19]
    SLICE_X9Y29          LUT5 (Prop_lut5_I4_O)        0.307    11.225 r  core_inst/alu_inst/m_ahb_haddr[19]_i_1/O
                         net (fo=6, routed)           0.980    12.204    core_inst/alu_inst/next_write_addr[7]
    SLICE_X6Y27          LUT3 (Prop_lut3_I2_O)        0.150    12.354 r  core_inst/alu_inst/registers[1][31]_i_13/O
                         net (fo=1, routed)           1.143    13.497    core_inst/alu_inst/registers[1][31]_i_13_n_0
    SLICE_X6Y29          LUT6 (Prop_lut6_I4_O)        0.328    13.825 f  core_inst/alu_inst/registers[1][31]_i_7/O
                         net (fo=47, routed)          0.669    14.494    core_inst/alu_inst/registers[1][31]_i_14_0
    SLICE_X9Y30          LUT6 (Prop_lut6_I5_O)        0.124    14.618 r  core_inst/alu_inst/registers[1][20]_i_1/O
                         net (fo=7, routed)           1.301    15.920    core_inst/regfile_inst/D[20]
    SLICE_X12Y32         FDCE                                         r  core_inst/regfile_inst/registers_reg[9][20]/D
  -------------------------------------------------------------------    -------------------

                         (clock sys_clk rise edge)   15.000    15.000 r  
    M18                                               0.000    15.000 r  clk (IN)
                         net (fo=0)                   0.000    15.000    clk
    M18                  IBUF (Prop_ibuf_I_O)         0.805    15.805 r  clk_IBUF_inst/O
                         net (fo=1, routed)           1.868    17.673    clk_IBUF
    BUFGCTRL_X0Y0        BUFG (Prop_bufg_I_O)         0.091    17.764 r  clk_IBUF_BUFG_inst/O
                         net (fo=452, routed)         1.442    19.206    core_inst/regfile_inst/clk_IBUF_BUFG
    SLICE_X12Y32         FDCE                                         r  core_inst/regfile_inst/registers_reg[9][20]/C
                         clock pessimism              0.322    19.528    
                         clock uncertainty           -0.035    19.493    
    SLICE_X12Y32         FDCE (Setup_fdce_C_D)       -0.054    19.439    core_inst/regfile_inst/registers_reg[9][20]
  -------------------------------------------------------------------
                         required time                         19.439    
                         arrival time                         -15.920    
  -------------------------------------------------------------------
                         slack                                  3.519    

Slack (MET) :             3.529ns  (required time - arrival time)
  Source:                 core_inst/if_id_instr_reg[14]/C
                            (rising edge-triggered cell FDCE clocked by sys_clk  {rise@0.000ns fall@7.500ns period=15.000ns})
  Destination:            core_inst/regfile_inst/registers_reg[8][11]/D
                            (rising edge-triggered cell FDCE clocked by sys_clk  {rise@0.000ns fall@7.500ns period=15.000ns})
  Path Group:             sys_clk
  Path Type:              Setup (Max at Slow Process Corner)
  Requirement:            15.000ns  (sys_clk rise@15.000ns - sys_clk rise@0.000ns)
  Data Path Delay:        11.290ns  (logic 3.432ns (30.400%)  route 7.858ns (69.600%))
  Logic Levels:           14  (CARRY4=5 LUT2=1 LUT3=1 LUT4=1 LUT5=1 LUT6=4 MUXF7=1)
  Clock Path Skew:        -0.043ns (DCD - SCD + CPR)
    Destination Clock Delay (DCD):    4.202ns = ( 19.202 - 15.000 ) 
    Source Clock Delay      (SCD):    4.567ns
    Clock Pessimism Removal (CPR):    0.322ns
  Clock Uncertainty:      0.035ns  ((TSJ^2 + TIJ^2)^1/2 + DJ) / 2 + PE
    Total System Jitter     (TSJ):    0.071ns
    Total Input Jitter      (TIJ):    0.000ns
    Discrete Jitter          (DJ):    0.000ns
    Phase Error              (PE):    0.000ns

    Location             Delay type                Incr(ns)  Path(ns)    Netlist Resource(s)
  -------------------------------------------------------------------    -------------------
                         (clock sys_clk rise edge)    0.000     0.000 r  
    M18                                               0.000     0.000 r  clk (IN)
                         net (fo=0)                   0.000     0.000    clk
    M18                  IBUF (Prop_ibuf_I_O)         0.938     0.938 r  clk_IBUF_inst/O
                         net (fo=1, routed)           1.972     2.910    clk_IBUF
    BUFGCTRL_X0Y0        BUFG (Prop_bufg_I_O)         0.096     3.006 r  clk_IBUF_BUFG_inst/O
                         net (fo=452, routed)         1.561     4.567    core_inst/clk_IBUF_BUFG
    SLICE_X9Y33          FDCE                                         r  core_inst/if_id_instr_reg[14]/C
  -------------------------------------------------------------------    -------------------
    SLICE_X9Y33          FDCE (Prop_fdce_C_Q)         0.456     5.023 f  core_inst/if_id_instr_reg[14]/Q
                         net (fo=215, routed)         1.215     6.238    core_inst/regfile_inst/Q[7]
    SLICE_X15Y23         LUT4 (Prop_lut4_I3_O)        0.124     6.362 r  core_inst/regfile_inst/m_ahb_hwdata[0]_i_4/O
                         net (fo=1, routed)           0.667     7.029    core_inst/regfile_inst/m_ahb_hwdata[0]_i_4_n_0
    SLICE_X13Y23         LUT6 (Prop_lut6_I5_O)        0.124     7.153 r  core_inst/regfile_inst/m_ahb_hwdata[0]_i_3/O
                         net (fo=1, routed)           0.000     7.153    core_inst/regfile_inst/m_ahb_hwdata[0]_i_3_n_0
    SLICE_X13Y23         MUXF7 (Prop_muxf7_I1_O)      0.217     7.370 r  core_inst/regfile_inst/m_ahb_hwdata_reg[0]_i_1/O
                         net (fo=3, routed)           0.451     7.821    core_inst/regfile_inst/if_id_instr_reg[20]_2[0]
    SLICE_X11Y23         LUT6 (Prop_lut6_I5_O)        0.299     8.120 r  core_inst/regfile_inst/result0_carry_i_4/O
                         net (fo=3, routed)           0.860     8.981    core_inst/regfile_inst/DI[0]
    SLICE_X10Y25         LUT2 (Prop_lut2_I1_O)        0.124     9.105 r  core_inst/regfile_inst/result0_carry_i_8/O
                         net (fo=1, routed)           0.000     9.105    core_inst/alu_inst/S[0]
    SLICE_X10Y25         CARRY4 (Prop_carry4_S[0]_CO[3])
                                                      0.513     9.618 r  core_inst/alu_inst/result0_carry/CO[3]
                         net (fo=1, routed)           0.000     9.618    core_inst/alu_inst/result0_carry_n_0
    SLICE_X10Y26         CARRY4 (Prop_carry4_CI_CO[3])
                                                      0.117     9.735 r  core_inst/alu_inst/result0_carry__0/CO[3]
                         net (fo=1, routed)           0.000     9.735    core_inst/alu_inst/result0_carry__0_n_0
    SLICE_X10Y27         CARRY4 (Prop_carry4_CI_CO[3])
                                                      0.117     9.852 r  core_inst/alu_inst/result0_carry__1/CO[3]
                         net (fo=1, routed)           0.000     9.852    core_inst/alu_inst/result0_carry__1_n_0
    SLICE_X10Y28         CARRY4 (Prop_carry4_CI_CO[3])
                                                      0.117     9.969 r  core_inst/alu_inst/result0_carry__2/CO[3]
                         net (fo=1, routed)           0.000     9.969    core_inst/alu_inst/result0_carry__2_n_0
    SLICE_X10Y29         CARRY4 (Prop_carry4_CI_O[3])
                                                      0.315    10.284 r  core_inst/alu_inst/result0_carry__3/O[3]
                         net (fo=2, routed)           0.634    10.918    core_inst/alu_inst/data0_0[19]
    SLICE_X9Y29          LUT5 (Prop_lut5_I4_O)        0.307    11.225 r  core_inst/alu_inst/m_ahb_haddr[19]_i_1/O
                         net (fo=6, routed)           0.980    12.204    core_inst/alu_inst/next_write_addr[7]
    SLICE_X6Y27          LUT3 (Prop_lut3_I2_O)        0.150    12.354 r  core_inst/alu_inst/registers[1][31]_i_13/O
                         net (fo=1, routed)           1.143    13.497    core_inst/alu_inst/registers[1][31]_i_13_n_0
    SLICE_X6Y29          LUT6 (Prop_lut6_I4_O)        0.328    13.825 f  core_inst/alu_inst/registers[1][31]_i_7/O
                         net (fo=47, routed)          1.029    14.854    core_inst/alu_inst/registers[1][31]_i_14_0
    SLICE_X12Y27         LUT6 (Prop_lut6_I5_O)        0.124    14.978 r  core_inst/alu_inst/registers[1][11]_i_1/O
                         net (fo=7, routed)           0.879    15.856    core_inst/regfile_inst/D[11]
    SLICE_X13Y28         FDCE                                         r  core_inst/regfile_inst/registers_reg[8][11]/D
  -------------------------------------------------------------------    -------------------

                         (clock sys_clk rise edge)   15.000    15.000 r  
    M18                                               0.000    15.000 r  clk (IN)
                         net (fo=0)                   0.000    15.000    clk
    M18                  IBUF (Prop_ibuf_I_O)         0.805    15.805 r  clk_IBUF_inst/O
                         net (fo=1, routed)           1.868    17.673    clk_IBUF
    BUFGCTRL_X0Y0        BUFG (Prop_bufg_I_O)         0.091    17.764 r  clk_IBUF_BUFG_inst/O
                         net (fo=452, routed)         1.438    19.202    core_inst/regfile_inst/clk_IBUF_BUFG
    SLICE_X13Y28         FDCE                                         r  core_inst/regfile_inst/registers_reg[8][11]/C
                         clock pessimism              0.322    19.524    
                         clock uncertainty           -0.035    19.489    
    SLICE_X13Y28         FDCE (Setup_fdce_C_D)       -0.103    19.386    core_inst/regfile_inst/registers_reg[8][11]
  -------------------------------------------------------------------
                         required time                         19.386    
                         arrival time                         -15.856    
  -------------------------------------------------------------------
                         slack                                  3.529    

Slack (MET) :             3.558ns  (required time - arrival time)
  Source:                 core_inst/if_id_instr_reg[14]/C
                            (rising edge-triggered cell FDCE clocked by sys_clk  {rise@0.000ns fall@7.500ns period=15.000ns})
  Destination:            core_inst/regfile_inst/registers_reg[1][11]/D
                            (rising edge-triggered cell FDCE clocked by sys_clk  {rise@0.000ns fall@7.500ns period=15.000ns})
  Path Group:             sys_clk
  Path Type:              Setup (Max at Slow Process Corner)
  Requirement:            15.000ns  (sys_clk rise@15.000ns - sys_clk rise@0.000ns)
  Data Path Delay:        11.255ns  (logic 3.432ns (30.492%)  route 7.823ns (69.508%))
  Logic Levels:           14  (CARRY4=5 LUT2=1 LUT3=1 LUT4=1 LUT5=1 LUT6=4 MUXF7=1)
  Clock Path Skew:        -0.046ns (DCD - SCD + CPR)
    Destination Clock Delay (DCD):    4.199ns = ( 19.199 - 15.000 ) 
    Source Clock Delay      (SCD):    4.567ns
    Clock Pessimism Removal (CPR):    0.322ns
  Clock Uncertainty:      0.035ns  ((TSJ^2 + TIJ^2)^1/2 + DJ) / 2 + PE
    Total System Jitter     (TSJ):    0.071ns
    Total Input Jitter      (TIJ):    0.000ns
    Discrete Jitter          (DJ):    0.000ns
    Phase Error              (PE):    0.000ns

    Location             Delay type                Incr(ns)  Path(ns)    Netlist Resource(s)
  -------------------------------------------------------------------    -------------------
                         (clock sys_clk rise edge)    0.000     0.000 r  
    M18                                               0.000     0.000 r  clk (IN)
                         net (fo=0)                   0.000     0.000    clk
    M18                  IBUF (Prop_ibuf_I_O)         0.938     0.938 r  clk_IBUF_inst/O
                         net (fo=1, routed)           1.972     2.910    clk_IBUF
    BUFGCTRL_X0Y0        BUFG (Prop_bufg_I_O)         0.096     3.006 r  clk_IBUF_BUFG_inst/O
                         net (fo=452, routed)         1.561     4.567    core_inst/clk_IBUF_BUFG
    SLICE_X9Y33          FDCE                                         r  core_inst/if_id_instr_reg[14]/C
  -------------------------------------------------------------------    -------------------
    SLICE_X9Y33          FDCE (Prop_fdce_C_Q)         0.456     5.023 f  core_inst/if_id_instr_reg[14]/Q
                         net (fo=215, routed)         1.215     6.238    core_inst/regfile_inst/Q[7]
    SLICE_X15Y23         LUT4 (Prop_lut4_I3_O)        0.124     6.362 r  core_inst/regfile_inst/m_ahb_hwdata[0]_i_4/O
                         net (fo=1, routed)           0.667     7.029    core_inst/regfile_inst/m_ahb_hwdata[0]_i_4_n_0
    SLICE_X13Y23         LUT6 (Prop_lut6_I5_O)        0.124     7.153 r  core_inst/regfile_inst/m_ahb_hwdata[0]_i_3/O
                         net (fo=1, routed)           0.000     7.153    core_inst/regfile_inst/m_ahb_hwdata[0]_i_3_n_0
    SLICE_X13Y23         MUXF7 (Prop_muxf7_I1_O)      0.217     7.370 r  core_inst/regfile_inst/m_ahb_hwdata_reg[0]_i_1/O
                         net (fo=3, routed)           0.451     7.821    core_inst/regfile_inst/if_id_instr_reg[20]_2[0]
    SLICE_X11Y23         LUT6 (Prop_lut6_I5_O)        0.299     8.120 r  core_inst/regfile_inst/result0_carry_i_4/O
                         net (fo=3, routed)           0.860     8.981    core_inst/regfile_inst/DI[0]
    SLICE_X10Y25         LUT2 (Prop_lut2_I1_O)        0.124     9.105 r  core_inst/regfile_inst/result0_carry_i_8/O
                         net (fo=1, routed)           0.000     9.105    core_inst/alu_inst/S[0]
    SLICE_X10Y25         CARRY4 (Prop_carry4_S[0]_CO[3])
                                                      0.513     9.618 r  core_inst/alu_inst/result0_carry/CO[3]
                         net (fo=1, routed)           0.000     9.618    core_inst/alu_inst/result0_carry_n_0
    SLICE_X10Y26         CARRY4 (Prop_carry4_CI_CO[3])
                                                      0.117     9.735 r  core_inst/alu_inst/result0_carry__0/CO[3]
                         net (fo=1, routed)           0.000     9.735    core_inst/alu_inst/result0_carry__0_n_0
    SLICE_X10Y27         CARRY4 (Prop_carry4_CI_CO[3])
                                                      0.117     9.852 r  core_inst/alu_inst/result0_carry__1/CO[3]
                         net (fo=1, routed)           0.000     9.852    core_inst/alu_inst/result0_carry__1_n_0
    SLICE_X10Y28         CARRY4 (Prop_carry4_CI_CO[3])
                                                      0.117     9.969 r  core_inst/alu_inst/result0_carry__2/CO[3]
                         net (fo=1, routed)           0.000     9.969    core_inst/alu_inst/result0_carry__2_n_0
    SLICE_X10Y29         CARRY4 (Prop_carry4_CI_O[3])
                                                      0.315    10.284 r  core_inst/alu_inst/result0_carry__3/O[3]
                         net (fo=2, routed)           0.634    10.918    core_inst/alu_inst/data0_0[19]
    SLICE_X9Y29          LUT5 (Prop_lut5_I4_O)        0.307    11.225 r  core_inst/alu_inst/m_ahb_haddr[19]_i_1/O
                         net (fo=6, routed)           0.980    12.204    core_inst/alu_inst/next_write_addr[7]
    SLICE_X6Y27          LUT3 (Prop_lut3_I2_O)        0.150    12.354 r  core_inst/alu_inst/registers[1][31]_i_13/O
                         net (fo=1, routed)           1.143    13.497    core_inst/alu_inst/registers[1][31]_i_13_n_0
    SLICE_X6Y29          LUT6 (Prop_lut6_I4_O)        0.328    13.825 f  core_inst/alu_inst/registers[1][31]_i_7/O
                         net (fo=47, routed)          1.029    14.854    core_inst/alu_inst/registers[1][31]_i_14_0
    SLICE_X12Y27         LUT6 (Prop_lut6_I5_O)        0.124    14.978 r  core_inst/alu_inst/registers[1][11]_i_1/O
                         net (fo=7, routed)           0.845    15.822    core_inst/regfile_inst/D[11]
    SLICE_X15Y26         FDCE                                         r  core_inst/regfile_inst/registers_reg[1][11]/D
  -------------------------------------------------------------------    -------------------

                         (clock sys_clk rise edge)   15.000    15.000 r  
    M18                                               0.000    15.000 r  clk (IN)
                         net (fo=0)                   0.000    15.000    clk
    M18                  IBUF (Prop_ibuf_I_O)         0.805    15.805 r  clk_IBUF_inst/O
                         net (fo=1, routed)           1.868    17.673    clk_IBUF
    BUFGCTRL_X0Y0        BUFG (Prop_bufg_I_O)         0.091    17.764 r  clk_IBUF_BUFG_inst/O
                         net (fo=452, routed)         1.435    19.199    core_inst/regfile_inst/clk_IBUF_BUFG
    SLICE_X15Y26         FDCE                                         r  core_inst/regfile_inst/registers_reg[1][11]/C
                         clock pessimism              0.322    19.521    
                         clock uncertainty           -0.035    19.486    
    SLICE_X15Y26         FDCE (Setup_fdce_C_D)       -0.105    19.381    core_inst/regfile_inst/registers_reg[1][11]
  -------------------------------------------------------------------
                         required time                         19.381    
                         arrival time                         -15.822    
  -------------------------------------------------------------------
                         slack                                  3.558    

Slack (MET) :             3.589ns  (required time - arrival time)
  Source:                 core_inst/if_id_instr_reg[14]/C
                            (rising edge-triggered cell FDCE clocked by sys_clk  {rise@0.000ns fall@7.500ns period=15.000ns})
  Destination:            core_inst/regfile_inst/registers_reg[9][13]/D
                            (rising edge-triggered cell FDCE clocked by sys_clk  {rise@0.000ns fall@7.500ns period=15.000ns})
  Path Group:             sys_clk
  Path Type:              Setup (Max at Slow Process Corner)
  Requirement:            15.000ns  (sys_clk rise@15.000ns - sys_clk rise@0.000ns)
  Data Path Delay:        11.229ns  (logic 3.432ns (30.565%)  route 7.797ns (69.435%))
  Logic Levels:           14  (CARRY4=5 LUT2=1 LUT3=1 LUT4=1 LUT5=1 LUT6=4 MUXF7=1)
  Clock Path Skew:        -0.042ns (DCD - SCD + CPR)
    Destination Clock Delay (DCD):    4.203ns = ( 19.203 - 15.000 ) 
    Source Clock Delay      (SCD):    4.567ns
    Clock Pessimism Removal (CPR):    0.322ns
  Clock Uncertainty:      0.035ns  ((TSJ^2 + TIJ^2)^1/2 + DJ) / 2 + PE
    Total System Jitter     (TSJ):    0.071ns
    Total Input Jitter      (TIJ):    0.000ns
    Discrete Jitter          (DJ):    0.000ns
    Phase Error              (PE):    0.000ns

    Location             Delay type                Incr(ns)  Path(ns)    Netlist Resource(s)
  -------------------------------------------------------------------    -------------------
                         (clock sys_clk rise edge)    0.000     0.000 r  
    M18                                               0.000     0.000 r  clk (IN)
                         net (fo=0)                   0.000     0.000    clk
    M18                  IBUF (Prop_ibuf_I_O)         0.938     0.938 r  clk_IBUF_inst/O
                         net (fo=1, routed)           1.972     2.910    clk_IBUF
    BUFGCTRL_X0Y0        BUFG (Prop_bufg_I_O)         0.096     3.006 r  clk_IBUF_BUFG_inst/O
                         net (fo=452, routed)         1.561     4.567    core_inst/clk_IBUF_BUFG
    SLICE_X9Y33          FDCE                                         r  core_inst/if_id_instr_reg[14]/C
  -------------------------------------------------------------------    -------------------
    SLICE_X9Y33          FDCE (Prop_fdce_C_Q)         0.456     5.023 f  core_inst/if_id_instr_reg[14]/Q
                         net (fo=215, routed)         1.215     6.238    core_inst/regfile_inst/Q[7]
    SLICE_X15Y23         LUT4 (Prop_lut4_I3_O)        0.124     6.362 r  core_inst/regfile_inst/m_ahb_hwdata[0]_i_4/O
                         net (fo=1, routed)           0.667     7.029    core_inst/regfile_inst/m_ahb_hwdata[0]_i_4_n_0
    SLICE_X13Y23         LUT6 (Prop_lut6_I5_O)        0.124     7.153 r  core_inst/regfile_inst/m_ahb_hwdata[0]_i_3/O
                         net (fo=1, routed)           0.000     7.153    core_inst/regfile_inst/m_ahb_hwdata[0]_i_3_n_0
    SLICE_X13Y23         MUXF7 (Prop_muxf7_I1_O)      0.217     7.370 r  core_inst/regfile_inst/m_ahb_hwdata_reg[0]_i_1/O
                         net (fo=3, routed)           0.451     7.821    core_inst/regfile_inst/if_id_instr_reg[20]_2[0]
    SLICE_X11Y23         LUT6 (Prop_lut6_I5_O)        0.299     8.120 r  core_inst/regfile_inst/result0_carry_i_4/O
                         net (fo=3, routed)           0.860     8.981    core_inst/regfile_inst/DI[0]
    SLICE_X10Y25         LUT2 (Prop_lut2_I1_O)        0.124     9.105 r  core_inst/regfile_inst/result0_carry_i_8/O
                         net (fo=1, routed)           0.000     9.105    core_inst/alu_inst/S[0]
    SLICE_X10Y25         CARRY4 (Prop_carry4_S[0]_CO[3])
                                                      0.513     9.618 r  core_inst/alu_inst/result0_carry/CO[3]
                         net (fo=1, routed)           0.000     9.618    core_inst/alu_inst/result0_carry_n_0
    SLICE_X10Y26         CARRY4 (Prop_carry4_CI_CO[3])
                                                      0.117     9.735 r  core_inst/alu_inst/result0_carry__0/CO[3]
                         net (fo=1, routed)           0.000     9.735    core_inst/alu_inst/result0_carry__0_n_0
    SLICE_X10Y27         CARRY4 (Prop_carry4_CI_CO[3])
                                                      0.117     9.852 r  core_inst/alu_inst/result0_carry__1/CO[3]
                         net (fo=1, routed)           0.000     9.852    core_inst/alu_inst/result0_carry__1_n_0
    SLICE_X10Y28         CARRY4 (Prop_carry4_CI_CO[3])
                                                      0.117     9.969 r  core_inst/alu_inst/result0_carry__2/CO[3]
                         net (fo=1, routed)           0.000     9.969    core_inst/alu_inst/result0_carry__2_n_0
    SLICE_X10Y29         CARRY4 (Prop_carry4_CI_O[3])
                                                      0.315    10.284 r  core_inst/alu_inst/result0_carry__3/O[3]
                         net (fo=2, routed)           0.634    10.918    core_inst/alu_inst/data0_0[19]
    SLICE_X9Y29          LUT5 (Prop_lut5_I4_O)        0.307    11.225 r  core_inst/alu_inst/m_ahb_haddr[19]_i_1/O
                         net (fo=6, routed)           0.980    12.204    core_inst/alu_inst/next_write_addr[7]
    SLICE_X6Y27          LUT3 (Prop_lut3_I2_O)        0.150    12.354 r  core_inst/alu_inst/registers[1][31]_i_13/O
                         net (fo=1, routed)           1.143    13.497    core_inst/alu_inst/registers[1][31]_i_13_n_0
    SLICE_X6Y29          LUT6 (Prop_lut6_I4_O)        0.328    13.825 f  core_inst/alu_inst/registers[1][31]_i_7/O
                         net (fo=47, routed)          0.680    14.505    core_inst/alu_inst/registers[1][31]_i_14_0
    SLICE_X9Y28          LUT6 (Prop_lut6_I5_O)        0.124    14.629 r  core_inst/alu_inst/registers[1][13]_i_1/O
                         net (fo=7, routed)           1.166    15.796    core_inst/regfile_inst/D[13]
    SLICE_X13Y29         FDCE                                         r  core_inst/regfile_inst/registers_reg[9][13]/D
  -------------------------------------------------------------------    -------------------

                         (clock sys_clk rise edge)   15.000    15.000 r  
    M18                                               0.000    15.000 r  clk (IN)
                         net (fo=0)                   0.000    15.000    clk
    M18                  IBUF (Prop_ibuf_I_O)         0.805    15.805 r  clk_IBUF_inst/O
                         net (fo=1, routed)           1.868    17.673    clk_IBUF
    BUFGCTRL_X0Y0        BUFG (Prop_bufg_I_O)         0.091    17.764 r  clk_IBUF_BUFG_inst/O
                         net (fo=452, routed)         1.439    19.203    core_inst/regfile_inst/clk_IBUF_BUFG
    SLICE_X13Y29         FDCE                                         r  core_inst/regfile_inst/registers_reg[9][13]/C
                         clock pessimism              0.322    19.525    
                         clock uncertainty           -0.035    19.490    
    SLICE_X13Y29         FDCE (Setup_fdce_C_D)       -0.105    19.385    core_inst/regfile_inst/registers_reg[9][13]
  -------------------------------------------------------------------
                         required time                         19.385    
                         arrival time                         -15.796    
  -------------------------------------------------------------------
                         slack                                  3.589    

Slack (MET) :             3.637ns  (required time - arrival time)
  Source:                 core_inst/if_id_instr_reg[14]/C
                            (rising edge-triggered cell FDCE clocked by sys_clk  {rise@0.000ns fall@7.500ns period=15.000ns})
  Destination:            core_inst/regfile_inst/registers_reg[9][3]/D
                            (rising edge-triggered cell FDCE clocked by sys_clk  {rise@0.000ns fall@7.500ns period=15.000ns})
  Path Group:             sys_clk
  Path Type:              Setup (Max at Slow Process Corner)
  Requirement:            15.000ns  (sys_clk rise@15.000ns - sys_clk rise@0.000ns)
  Data Path Delay:        11.173ns  (logic 3.432ns (30.717%)  route 7.741ns (69.283%))
  Logic Levels:           14  (CARRY4=5 LUT2=1 LUT3=1 LUT4=1 LUT5=1 LUT6=4 MUXF7=1)
  Clock Path Skew:        -0.046ns (DCD - SCD + CPR)
    Destination Clock Delay (DCD):    4.199ns = ( 19.199 - 15.000 ) 
    Source Clock Delay      (SCD):    4.567ns
    Clock Pessimism Removal (CPR):    0.322ns
  Clock Uncertainty:      0.035ns  ((TSJ^2 + TIJ^2)^1/2 + DJ) / 2 + PE
    Total System Jitter     (TSJ):    0.071ns
    Total Input Jitter      (TIJ):    0.000ns
    Discrete Jitter          (DJ):    0.000ns
    Phase Error              (PE):    0.000ns

    Location             Delay type                Incr(ns)  Path(ns)    Netlist Resource(s)
  -------------------------------------------------------------------    -------------------
                         (clock sys_clk rise edge)    0.000     0.000 r  
    M18                                               0.000     0.000 r  clk (IN)
                         net (fo=0)                   0.000     0.000    clk
    M18                  IBUF (Prop_ibuf_I_O)         0.938     0.938 r  clk_IBUF_inst/O
                         net (fo=1, routed)           1.972     2.910    clk_IBUF
    BUFGCTRL_X0Y0        BUFG (Prop_bufg_I_O)         0.096     3.006 r  clk_IBUF_BUFG_inst/O
                         net (fo=452, routed)         1.561     4.567    core_inst/clk_IBUF_BUFG
    SLICE_X9Y33          FDCE                                         r  core_inst/if_id_instr_reg[14]/C
  -------------------------------------------------------------------    -------------------
    SLICE_X9Y33          FDCE (Prop_fdce_C_Q)         0.456     5.023 f  core_inst/if_id_instr_reg[14]/Q
                         net (fo=215, routed)         1.215     6.238    core_inst/regfile_inst/Q[7]
    SLICE_X15Y23         LUT4 (Prop_lut4_I3_O)        0.124     6.362 r  core_inst/regfile_inst/m_ahb_hwdata[0]_i_4/O
                         net (fo=1, routed)           0.667     7.029    core_inst/regfile_inst/m_ahb_hwdata[0]_i_4_n_0
    SLICE_X13Y23         LUT6 (Prop_lut6_I5_O)        0.124     7.153 r  core_inst/regfile_inst/m_ahb_hwdata[0]_i_3/O
                         net (fo=1, routed)           0.000     7.153    core_inst/regfile_inst/m_ahb_hwdata[0]_i_3_n_0
    SLICE_X13Y23         MUXF7 (Prop_muxf7_I1_O)      0.217     7.370 r  core_inst/regfile_inst/m_ahb_hwdata_reg[0]_i_1/O
                         net (fo=3, routed)           0.451     7.821    core_inst/regfile_inst/if_id_instr_reg[20]_2[0]
    SLICE_X11Y23         LUT6 (Prop_lut6_I5_O)        0.299     8.120 r  core_inst/regfile_inst/result0_carry_i_4/O
                         net (fo=3, routed)           0.860     8.981    core_inst/regfile_inst/DI[0]
    SLICE_X10Y25         LUT2 (Prop_lut2_I1_O)        0.124     9.105 r  core_inst/regfile_inst/result0_carry_i_8/O
                         net (fo=1, routed)           0.000     9.105    core_inst/alu_inst/S[0]
    SLICE_X10Y25         CARRY4 (Prop_carry4_S[0]_CO[3])
                                                      0.513     9.618 r  core_inst/alu_inst/result0_carry/CO[3]
                         net (fo=1, routed)           0.000     9.618    core_inst/alu_inst/result0_carry_n_0
    SLICE_X10Y26         CARRY4 (Prop_carry4_CI_CO[3])
                                                      0.117     9.735 r  core_inst/alu_inst/result0_carry__0/CO[3]
                         net (fo=1, routed)           0.000     9.735    core_inst/alu_inst/result0_carry__0_n_0
    SLICE_X10Y27         CARRY4 (Prop_carry4_CI_CO[3])
                                                      0.117     9.852 r  core_inst/alu_inst/result0_carry__1/CO[3]
                         net (fo=1, routed)           0.000     9.852    core_inst/alu_inst/result0_carry__1_n_0
    SLICE_X10Y28         CARRY4 (Prop_carry4_CI_CO[3])
                                                      0.117     9.969 r  core_inst/alu_inst/result0_carry__2/CO[3]
                         net (fo=1, routed)           0.000     9.969    core_inst/alu_inst/result0_carry__2_n_0
    SLICE_X10Y29         CARRY4 (Prop_carry4_CI_O[3])
                                                      0.315    10.284 r  core_inst/alu_inst/result0_carry__3/O[3]
                         net (fo=2, routed)           0.634    10.918    core_inst/alu_inst/data0_0[19]
    SLICE_X9Y29          LUT5 (Prop_lut5_I4_O)        0.307    11.225 r  core_inst/alu_inst/m_ahb_haddr[19]_i_1/O
                         net (fo=6, routed)           0.980    12.204    core_inst/alu_inst/next_write_addr[7]
    SLICE_X6Y27          LUT3 (Prop_lut3_I2_O)        0.150    12.354 r  core_inst/alu_inst/registers[1][31]_i_13/O
                         net (fo=1, routed)           1.143    13.497    core_inst/alu_inst/registers[1][31]_i_13_n_0
    SLICE_X6Y29          LUT6 (Prop_lut6_I4_O)        0.328    13.825 f  core_inst/alu_inst/registers[1][31]_i_7/O
                         net (fo=47, routed)          0.914    14.739    core_inst/alu_inst/registers[1][31]_i_14_0
    SLICE_X12Y25         LUT6 (Prop_lut6_I5_O)        0.124    14.863 r  core_inst/alu_inst/registers[1][3]_i_1/O
                         net (fo=7, routed)           0.876    15.740    core_inst/regfile_inst/D[3]
    SLICE_X13Y23         FDCE                                         r  core_inst/regfile_inst/registers_reg[9][3]/D
  -------------------------------------------------------------------    -------------------

                         (clock sys_clk rise edge)   15.000    15.000 r  
    M18                                               0.000    15.000 r  clk (IN)
                         net (fo=0)                   0.000    15.000    clk
    M18                  IBUF (Prop_ibuf_I_O)         0.805    15.805 r  clk_IBUF_inst/O
                         net (fo=1, routed)           1.868    17.673    clk_IBUF
    BUFGCTRL_X0Y0        BUFG (Prop_bufg_I_O)         0.091    17.764 r  clk_IBUF_BUFG_inst/O
                         net (fo=452, routed)         1.435    19.199    core_inst/regfile_inst/clk_IBUF_BUFG
    SLICE_X13Y23         FDCE                                         r  core_inst/regfile_inst/registers_reg[9][3]/C
                         clock pessimism              0.322    19.521    
                         clock uncertainty           -0.035    19.486    
    SLICE_X13Y23         FDCE (Setup_fdce_C_D)       -0.109    19.377    core_inst/regfile_inst/registers_reg[9][3]
  -------------------------------------------------------------------
                         required time                         19.377    
                         arrival time                         -15.740    
  -------------------------------------------------------------------
                         slack                                  3.637    





Min Delay Paths
--------------------------------------------------------------------------------------
Slack (MET) :             0.140ns  (arrival time - required time)
  Source:                 noc_inst/wdata_reg_reg[10]/C
                            (rising edge-triggered cell FDCE clocked by sys_clk  {rise@0.000ns fall@7.500ns period=15.000ns})
  Destination:            noc_inst/noc_tx_flit_reg[10]/D
                            (rising edge-triggered cell FDCE clocked by sys_clk  {rise@0.000ns fall@7.500ns period=15.000ns})
  Path Group:             sys_clk
  Path Type:              Hold (Min at Fast Process Corner)
  Requirement:            0.000ns  (sys_clk rise@0.000ns - sys_clk rise@0.000ns)
  Data Path Delay:        0.273ns  (logic 0.186ns (68.106%)  route 0.087ns (31.894%))
  Logic Levels:           1  (LUT4=1)
  Clock Path Skew:        0.013ns (DCD - SCD - CPR)
    Destination Clock Delay (DCD):    1.921ns
    Source Clock Delay      (SCD):    1.407ns
    Clock Pessimism Removal (CPR):    0.501ns

    Location             Delay type                Incr(ns)  Path(ns)    Netlist Resource(s)
  -------------------------------------------------------------------    -------------------
                         (clock sys_clk rise edge)    0.000     0.000 r  
    M18                                               0.000     0.000 r  clk (IN)
                         net (fo=0)                   0.000     0.000    clk
    M18                  IBUF (Prop_ibuf_I_O)         0.167     0.167 r  clk_IBUF_inst/O
                         net (fo=1, routed)           0.634     0.801    clk_IBUF
    BUFGCTRL_X0Y0        BUFG (Prop_bufg_I_O)         0.026     0.827 r  clk_IBUF_BUFG_inst/O
                         net (fo=452, routed)         0.580     1.407    noc_inst/clk_IBUF_BUFG
    SLICE_X7Y24          FDCE                                         r  noc_inst/wdata_reg_reg[10]/C
  -------------------------------------------------------------------    -------------------
    SLICE_X7Y24          FDCE (Prop_fdce_C_Q)         0.141     1.548 r  noc_inst/wdata_reg_reg[10]/Q
                         net (fo=1, routed)           0.087     1.635    noc_inst/in7[10]
    SLICE_X6Y24          LUT4 (Prop_lut4_I2_O)        0.045     1.680 r  noc_inst/noc_tx_flit[10]_i_1/O
                         net (fo=1, routed)           0.000     1.680    noc_inst/noc_tx_flit[10]_i_1_n_0
    SLICE_X6Y24          FDCE                                         r  noc_inst/noc_tx_flit_reg[10]/D
  -------------------------------------------------------------------    -------------------

                         (clock sys_clk rise edge)    0.000     0.000 r  
    M18                                               0.000     0.000 r  clk (IN)
                         net (fo=0)                   0.000     0.000    clk
    M18                  IBUF (Prop_ibuf_I_O)         0.356     0.356 r  clk_IBUF_inst/O
                         net (fo=1, routed)           0.689     1.044    clk_IBUF
    BUFGCTRL_X0Y0        BUFG (Prop_bufg_I_O)         0.029     1.073 r  clk_IBUF_BUFG_inst/O
                         net (fo=452, routed)         0.848     1.921    noc_inst/clk_IBUF_BUFG
    SLICE_X6Y24          FDCE                                         r  noc_inst/noc_tx_flit_reg[10]/C
                         clock pessimism             -0.501     1.420    
    SLICE_X6Y24          FDCE (Hold_fdce_C_D)         0.120     1.540    noc_inst/noc_tx_flit_reg[10]
  -------------------------------------------------------------------
                         required time                         -1.540    
                         arrival time                           1.680    
  -------------------------------------------------------------------
                         slack                                  0.140    

Slack (MET) :             0.143ns  (arrival time - required time)
  Source:                 noc_inst/wdata_reg_reg[21]/C
                            (rising edge-triggered cell FDCE clocked by sys_clk  {rise@0.000ns fall@7.500ns period=15.000ns})
  Destination:            noc_inst/noc_tx_flit_reg[21]/D
                            (rising edge-triggered cell FDCE clocked by sys_clk  {rise@0.000ns fall@7.500ns period=15.000ns})
  Path Group:             sys_clk
  Path Type:              Hold (Min at Fast Process Corner)
  Requirement:            0.000ns  (sys_clk rise@0.000ns - sys_clk rise@0.000ns)
  Data Path Delay:        0.277ns  (logic 0.186ns (67.123%)  route 0.091ns (32.877%))
  Logic Levels:           1  (LUT4=1)
  Clock Path Skew:        0.013ns (DCD - SCD - CPR)
    Destination Clock Delay (DCD):    1.928ns
    Source Clock Delay      (SCD):    1.413ns
    Clock Pessimism Removal (CPR):    0.502ns

    Location             Delay type                Incr(ns)  Path(ns)    Netlist Resource(s)
  -------------------------------------------------------------------    -------------------
                         (clock sys_clk rise edge)    0.000     0.000 r  
    M18                                               0.000     0.000 r  clk (IN)
                         net (fo=0)                   0.000     0.000    clk
    M18                  IBUF (Prop_ibuf_I_O)         0.167     0.167 r  clk_IBUF_inst/O
                         net (fo=1, routed)           0.634     0.801    clk_IBUF
    BUFGCTRL_X0Y0        BUFG (Prop_bufg_I_O)         0.026     0.827 r  clk_IBUF_BUFG_inst/O
                         net (fo=452, routed)         0.586     1.413    noc_inst/clk_IBUF_BUFG
    SLICE_X7Y31          FDCE                                         r  noc_inst/wdata_reg_reg[21]/C
  -------------------------------------------------------------------    -------------------
    SLICE_X7Y31          FDCE (Prop_fdce_C_Q)         0.141     1.554 r  noc_inst/wdata_reg_reg[21]/Q
                         net (fo=1, routed)           0.091     1.645    noc_inst/in7[21]
    SLICE_X6Y31          LUT4 (Prop_lut4_I2_O)        0.045     1.690 r  noc_inst/noc_tx_flit[21]_i_1/O
                         net (fo=1, routed)           0.000     1.690    noc_inst/noc_tx_flit[21]_i_1_n_0
    SLICE_X6Y31          FDCE                                         r  noc_inst/noc_tx_flit_reg[21]/D
  -------------------------------------------------------------------    -------------------

                         (clock sys_clk rise edge)    0.000     0.000 r  
    M18                                               0.000     0.000 r  clk (IN)
                         net (fo=0)                   0.000     0.000    clk
    M18                  IBUF (Prop_ibuf_I_O)         0.356     0.356 r  clk_IBUF_inst/O
                         net (fo=1, routed)           0.689     1.044    clk_IBUF
    BUFGCTRL_X0Y0        BUFG (Prop_bufg_I_O)         0.029     1.073 r  clk_IBUF_BUFG_inst/O
                         net (fo=452, routed)         0.855     1.928    noc_inst/clk_IBUF_BUFG
    SLICE_X6Y31          FDCE                                         r  noc_inst/noc_tx_flit_reg[21]/C
                         clock pessimism             -0.502     1.426    
    SLICE_X6Y31          FDCE (Hold_fdce_C_D)         0.121     1.547    noc_inst/noc_tx_flit_reg[21]
  -------------------------------------------------------------------
                         required time                         -1.547    
                         arrival time                           1.690    
  -------------------------------------------------------------------
                         slack                                  0.143    

Slack (MET) :             0.144ns  (arrival time - required time)
  Source:                 bridge_inst/m_ahb_hwdata_reg[2]/C
                            (rising edge-triggered cell FDCE clocked by sys_clk  {rise@0.000ns fall@7.500ns period=15.000ns})
  Destination:            i2c_inst/tx_data_reg_reg[7]/D
                            (rising edge-triggered cell FDPE clocked by sys_clk  {rise@0.000ns fall@7.500ns period=15.000ns})
  Path Group:             sys_clk
  Path Type:              Hold (Min at Fast Process Corner)
  Requirement:            0.000ns  (sys_clk rise@0.000ns - sys_clk rise@0.000ns)
  Data Path Delay:        0.288ns  (logic 0.189ns (65.571%)  route 0.099ns (34.429%))
  Logic Levels:           1  (LUT5=1)
  Clock Path Skew:        0.013ns (DCD - SCD - CPR)
    Destination Clock Delay (DCD):    1.922ns
    Source Clock Delay      (SCD):    1.408ns
    Clock Pessimism Removal (CPR):    0.501ns

    Location             Delay type                Incr(ns)  Path(ns)    Netlist Resource(s)
  -------------------------------------------------------------------    -------------------
                         (clock sys_clk rise edge)    0.000     0.000 r  
    M18                                               0.000     0.000 r  clk (IN)
                         net (fo=0)                   0.000     0.000    clk
    M18                  IBUF (Prop_ibuf_I_O)         0.167     0.167 r  clk_IBUF_inst/O
                         net (fo=1, routed)           0.634     0.801    clk_IBUF
    BUFGCTRL_X0Y0        BUFG (Prop_bufg_I_O)         0.026     0.827 r  clk_IBUF_BUFG_inst/O
                         net (fo=452, routed)         0.581     1.408    bridge_inst/clk_IBUF_BUFG
    SLICE_X7Y23          FDCE                                         r  bridge_inst/m_ahb_hwdata_reg[2]/C
  -------------------------------------------------------------------    -------------------
    SLICE_X7Y23          FDCE (Prop_fdce_C_Q)         0.141     1.549 f  bridge_inst/m_ahb_hwdata_reg[2]/Q
                         net (fo=5, routed)           0.099     1.648    i2c_inst/tx_data_reg_reg[0]_0[2]
    SLICE_X6Y23          LUT5 (Prop_lut5_I2_O)        0.048     1.696 r  i2c_inst/tx_data_reg[7]_i_1/O
                         net (fo=1, routed)           0.000     1.696    i2c_inst/tx_data_reg[7]_i_1_n_0
    SLICE_X6Y23          FDPE                                         r  i2c_inst/tx_data_reg_reg[7]/D
  -------------------------------------------------------------------    -------------------

                         (clock sys_clk rise edge)    0.000     0.000 r  
    M18                                               0.000     0.000 r  clk (IN)
                         net (fo=0)                   0.000     0.000    clk
    M18                  IBUF (Prop_ibuf_I_O)         0.356     0.356 r  clk_IBUF_inst/O
                         net (fo=1, routed)           0.689     1.044    clk_IBUF
    BUFGCTRL_X0Y0        BUFG (Prop_bufg_I_O)         0.029     1.073 r  clk_IBUF_BUFG_inst/O
                         net (fo=452, routed)         0.849     1.922    i2c_inst/clk_IBUF_BUFG
    SLICE_X6Y23          FDPE                                         r  i2c_inst/tx_data_reg_reg[7]/C
                         clock pessimism             -0.501     1.421    
    SLICE_X6Y23          FDPE (Hold_fdpe_C_D)         0.131     1.552    i2c_inst/tx_data_reg_reg[7]
  -------------------------------------------------------------------
                         required time                         -1.552    
                         arrival time                           1.696    
  -------------------------------------------------------------------
                         slack                                  0.144    

Slack (MET) :             0.152ns  (arrival time - required time)
  Source:                 noc_inst/wdata_reg_reg[15]/C
                            (rising edge-triggered cell FDCE clocked by sys_clk  {rise@0.000ns fall@7.500ns period=15.000ns})
  Destination:            noc_inst/noc_tx_flit_reg[15]/D
                            (rising edge-triggered cell FDCE clocked by sys_clk  {rise@0.000ns fall@7.500ns period=15.000ns})
  Path Group:             sys_clk
  Path Type:              Hold (Min at Fast Process Corner)
  Requirement:            0.000ns  (sys_clk rise@0.000ns - sys_clk rise@0.000ns)
  Data Path Delay:        0.286ns  (logic 0.186ns (64.996%)  route 0.100ns (35.004%))
  Logic Levels:           1  (LUT4=1)
  Clock Path Skew:        0.013ns (DCD - SCD - CPR)
    Destination Clock Delay (DCD):    1.922ns
    Source Clock Delay      (SCD):    1.408ns
    Clock Pessimism Removal (CPR):    0.501ns

    Location             Delay type                Incr(ns)  Path(ns)    Netlist Resource(s)
  -------------------------------------------------------------------    -------------------
                         (clock sys_clk rise edge)    0.000     0.000 r  
    M18                                               0.000     0.000 r  clk (IN)
                         net (fo=0)                   0.000     0.000    clk
    M18                  IBUF (Prop_ibuf_I_O)         0.167     0.167 r  clk_IBUF_inst/O
                         net (fo=1, routed)           0.634     0.801    clk_IBUF
    BUFGCTRL_X0Y0        BUFG (Prop_bufg_I_O)         0.026     0.827 r  clk_IBUF_BUFG_inst/O
                         net (fo=452, routed)         0.581     1.408    noc_inst/clk_IBUF_BUFG
    SLICE_X5Y26          FDCE                                         r  noc_inst/wdata_reg_reg[15]/C
  -------------------------------------------------------------------    -------------------
    SLICE_X5Y26          FDCE (Prop_fdce_C_Q)         0.141     1.549 r  noc_inst/wdata_reg_reg[15]/Q
                         net (fo=1, routed)           0.100     1.649    noc_inst/in7[15]
    SLICE_X6Y26          LUT4 (Prop_lut4_I2_O)        0.045     1.694 r  noc_inst/noc_tx_flit[15]_i_1/O
                         net (fo=1, routed)           0.000     1.694    noc_inst/noc_tx_flit[15]_i_1_n_0
    SLICE_X6Y26          FDCE                                         r  noc_inst/noc_tx_flit_reg[15]/D
  -------------------------------------------------------------------    -------------------

                         (clock sys_clk rise edge)    0.000     0.000 r  
    M18                                               0.000     0.000 r  clk (IN)
                         net (fo=0)                   0.000     0.000    clk
    M18                  IBUF (Prop_ibuf_I_O)         0.356     0.356 r  clk_IBUF_inst/O
                         net (fo=1, routed)           0.689     1.044    clk_IBUF
    BUFGCTRL_X0Y0        BUFG (Prop_bufg_I_O)         0.029     1.073 r  clk_IBUF_BUFG_inst/O
                         net (fo=452, routed)         0.849     1.922    noc_inst/clk_IBUF_BUFG
    SLICE_X6Y26          FDCE                                         r  noc_inst/noc_tx_flit_reg[15]/C
                         clock pessimism             -0.501     1.421    
    SLICE_X6Y26          FDCE (Hold_fdce_C_D)         0.121     1.542    noc_inst/noc_tx_flit_reg[15]
  -------------------------------------------------------------------
                         required time                         -1.542    
                         arrival time                           1.694    
  -------------------------------------------------------------------
                         slack                                  0.152    

Slack (MET) :             0.152ns  (arrival time - required time)
  Source:                 bridge_inst/m_ahb_hwdata_reg[2]/C
                            (rising edge-triggered cell FDCE clocked by sys_clk  {rise@0.000ns fall@7.500ns period=15.000ns})
  Destination:            i2c_inst/tx_data_reg_reg[5]/D
                            (rising edge-triggered cell FDPE clocked by sys_clk  {rise@0.000ns fall@7.500ns period=15.000ns})
  Path Group:             sys_clk
  Path Type:              Hold (Min at Fast Process Corner)
  Requirement:            0.000ns  (sys_clk rise@0.000ns - sys_clk rise@0.000ns)
  Data Path Delay:        0.285ns  (logic 0.186ns (65.209%)  route 0.099ns (34.791%))
  Logic Levels:           1  (LUT5=1)
  Clock Path Skew:        0.013ns (DCD - SCD - CPR)
    Destination Clock Delay (DCD):    1.922ns
    Source Clock Delay      (SCD):    1.408ns
    Clock Pessimism Removal (CPR):    0.501ns

    Location             Delay type                Incr(ns)  Path(ns)    Netlist Resource(s)
  -------------------------------------------------------------------    -------------------
                         (clock sys_clk rise edge)    0.000     0.000 r  
    M18                                               0.000     0.000 r  clk (IN)
                         net (fo=0)                   0.000     0.000    clk
    M18                  IBUF (Prop_ibuf_I_O)         0.167     0.167 r  clk_IBUF_inst/O
                         net (fo=1, routed)           0.634     0.801    clk_IBUF
    BUFGCTRL_X0Y0        BUFG (Prop_bufg_I_O)         0.026     0.827 r  clk_IBUF_BUFG_inst/O
                         net (fo=452, routed)         0.581     1.408    bridge_inst/clk_IBUF_BUFG
    SLICE_X7Y23          FDCE                                         r  bridge_inst/m_ahb_hwdata_reg[2]/C
  -------------------------------------------------------------------    -------------------
    SLICE_X7Y23          FDCE (Prop_fdce_C_Q)         0.141     1.549 f  bridge_inst/m_ahb_hwdata_reg[2]/Q
                         net (fo=5, routed)           0.099     1.648    i2c_inst/tx_data_reg_reg[0]_0[2]
    SLICE_X6Y23          LUT5 (Prop_lut5_I2_O)        0.045     1.693 r  i2c_inst/tx_data_reg[5]_i_1/O
                         net (fo=1, routed)           0.000     1.693    i2c_inst/tx_data_reg[5]_i_1_n_0
    SLICE_X6Y23          FDPE                                         r  i2c_inst/tx_data_reg_reg[5]/D
  -------------------------------------------------------------------    -------------------

                         (clock sys_clk rise edge)    0.000     0.000 r  
    M18                                               0.000     0.000 r  clk (IN)
                         net (fo=0)                   0.000     0.000    clk
    M18                  IBUF (Prop_ibuf_I_O)         0.356     0.356 r  clk_IBUF_inst/O
                         net (fo=1, routed)           0.689     1.044    clk_IBUF
    BUFGCTRL_X0Y0        BUFG (Prop_bufg_I_O)         0.029     1.073 r  clk_IBUF_BUFG_inst/O
                         net (fo=452, routed)         0.849     1.922    i2c_inst/clk_IBUF_BUFG
    SLICE_X6Y23          FDPE                                         r  i2c_inst/tx_data_reg_reg[5]/C
                         clock pessimism             -0.501     1.421    
    SLICE_X6Y23          FDPE (Hold_fdpe_C_D)         0.120     1.541    i2c_inst/tx_data_reg_reg[5]
  -------------------------------------------------------------------
                         required time                         -1.541    
                         arrival time                           1.693    
  -------------------------------------------------------------------
                         slack                                  0.152    

Slack (MET) :             0.172ns  (arrival time - required time)
  Source:                 bridge_inst/m_ahb_hwdata_reg[3]/C
                            (rising edge-triggered cell FDCE clocked by sys_clk  {rise@0.000ns fall@7.500ns period=15.000ns})
  Destination:            uart_inst/tx_shift_reg[3]/D
                            (rising edge-triggered cell FDCE clocked by sys_clk  {rise@0.000ns fall@7.500ns period=15.000ns})
  Path Group:             sys_clk
  Path Type:              Hold (Min at Fast Process Corner)
  Requirement:            0.000ns  (sys_clk rise@0.000ns - sys_clk rise@0.000ns)
  Data Path Delay:        0.271ns  (logic 0.141ns (51.967%)  route 0.130ns (48.033%))
  Logic Levels:           0  
  Clock Path Skew:        0.036ns (DCD - SCD - CPR)
    Destination Clock Delay (DCD):    1.924ns
    Source Clock Delay      (SCD):    1.408ns
    Clock Pessimism Removal (CPR):    0.480ns

    Location             Delay type                Incr(ns)  Path(ns)    Netlist Resource(s)
  -------------------------------------------------------------------    -------------------
                         (clock sys_clk rise edge)    0.000     0.000 r  
    M18                                               0.000     0.000 r  clk (IN)
                         net (fo=0)                   0.000     0.000    clk
    M18                  IBUF (Prop_ibuf_I_O)         0.167     0.167 r  clk_IBUF_inst/O
                         net (fo=1, routed)           0.634     0.801    clk_IBUF
    BUFGCTRL_X0Y0        BUFG (Prop_bufg_I_O)         0.026     0.827 r  clk_IBUF_BUFG_inst/O
                         net (fo=452, routed)         0.581     1.408    bridge_inst/clk_IBUF_BUFG
    SLICE_X4Y23          FDCE                                         r  bridge_inst/m_ahb_hwdata_reg[3]/C
  -------------------------------------------------------------------    -------------------
    SLICE_X4Y23          FDCE (Prop_fdce_C_Q)         0.141     1.549 r  bridge_inst/m_ahb_hwdata_reg[3]/Q
                         net (fo=3, routed)           0.130     1.679    uart_inst/tx_shift_reg[7]_2[3]
    SLICE_X2Y23          FDCE                                         r  uart_inst/tx_shift_reg[3]/D
  -------------------------------------------------------------------    -------------------

                         (clock sys_clk rise edge)    0.000     0.000 r  
    M18                                               0.000     0.000 r  clk (IN)
                         net (fo=0)                   0.000     0.000    clk
    M18                  IBUF (Prop_ibuf_I_O)         0.356     0.356 r  clk_IBUF_inst/O
                         net (fo=1, routed)           0.689     1.044    clk_IBUF
    BUFGCTRL_X0Y0        BUFG (Prop_bufg_I_O)         0.029     1.073 r  clk_IBUF_BUFG_inst/O
                         net (fo=452, routed)         0.851     1.924    uart_inst/clk_IBUF_BUFG
    SLICE_X2Y23          FDCE                                         r  uart_inst/tx_shift_reg[3]/C
                         clock pessimism             -0.480     1.444    
    SLICE_X2Y23          FDCE (Hold_fdce_C_D)         0.063     1.507    uart_inst/tx_shift_reg[3]
  -------------------------------------------------------------------
                         required time                         -1.507    
                         arrival time                           1.679    
  -------------------------------------------------------------------
                         slack                                  0.172    

Slack (MET) :             0.179ns  (arrival time - required time)
  Source:                 noc_inst/wdata_reg_reg[22]/C
                            (rising edge-triggered cell FDCE clocked by sys_clk  {rise@0.000ns fall@7.500ns period=15.000ns})
  Destination:            noc_inst/noc_tx_flit_reg[22]/D
                            (rising edge-triggered cell FDCE clocked by sys_clk  {rise@0.000ns fall@7.500ns period=15.000ns})
  Path Group:             sys_clk
  Path Type:              Hold (Min at Fast Process Corner)
  Requirement:            0.000ns  (sys_clk rise@0.000ns - sys_clk rise@0.000ns)
  Data Path Delay:        0.283ns  (logic 0.186ns (65.755%)  route 0.097ns (34.245%))
  Logic Levels:           1  (LUT4=1)
  Clock Path Skew:        0.013ns (DCD - SCD - CPR)
    Destination Clock Delay (DCD):    1.927ns
    Source Clock Delay      (SCD):    1.412ns
    Clock Pessimism Removal (CPR):    0.502ns

    Location             Delay type                Incr(ns)  Path(ns)    Netlist Resource(s)
  -------------------------------------------------------------------    -------------------
                         (clock sys_clk rise edge)    0.000     0.000 r  
    M18                                               0.000     0.000 r  clk (IN)
                         net (fo=0)                   0.000     0.000    clk
    M18                  IBUF (Prop_ibuf_I_O)         0.167     0.167 r  clk_IBUF_inst/O
                         net (fo=1, routed)           0.634     0.801    clk_IBUF
    BUFGCTRL_X0Y0        BUFG (Prop_bufg_I_O)         0.026     0.827 r  clk_IBUF_BUFG_inst/O
                         net (fo=452, routed)         0.585     1.412    noc_inst/clk_IBUF_BUFG
    SLICE_X5Y30          FDCE                                         r  noc_inst/wdata_reg_reg[22]/C
  -------------------------------------------------------------------    -------------------
    SLICE_X5Y30          FDCE (Prop_fdce_C_Q)         0.141     1.553 r  noc_inst/wdata_reg_reg[22]/Q
                         net (fo=1, routed)           0.097     1.650    noc_inst/in7[22]
    SLICE_X4Y30          LUT4 (Prop_lut4_I2_O)        0.045     1.695 r  noc_inst/noc_tx_flit[22]_i_1/O
                         net (fo=1, routed)           0.000     1.695    noc_inst/noc_tx_flit[22]_i_1_n_0
    SLICE_X4Y30          FDCE                                         r  noc_inst/noc_tx_flit_reg[22]/D
  -------------------------------------------------------------------    -------------------

                         (clock sys_clk rise edge)    0.000     0.000 r  
    M18                                               0.000     0.000 r  clk (IN)
                         net (fo=0)                   0.000     0.000    clk
    M18                  IBUF (Prop_ibuf_I_O)         0.356     0.356 r  clk_IBUF_inst/O
                         net (fo=1, routed)           0.689     1.044    clk_IBUF
    BUFGCTRL_X0Y0        BUFG (Prop_bufg_I_O)         0.029     1.073 r  clk_IBUF_BUFG_inst/O
                         net (fo=452, routed)         0.854     1.927    noc_inst/clk_IBUF_BUFG
    SLICE_X4Y30          FDCE                                         r  noc_inst/noc_tx_flit_reg[22]/C
                         clock pessimism             -0.502     1.425    
    SLICE_X4Y30          FDCE (Hold_fdce_C_D)         0.091     1.516    noc_inst/noc_tx_flit_reg[22]
  -------------------------------------------------------------------
                         required time                         -1.516    
                         arrival time                           1.695    
  -------------------------------------------------------------------
                         slack                                  0.179    

Slack (MET) :             0.185ns  (arrival time - required time)
  Source:                 noc_inst/wdata_reg_reg[24]/C
                            (rising edge-triggered cell FDCE clocked by sys_clk  {rise@0.000ns fall@7.500ns period=15.000ns})
  Destination:            noc_inst/noc_tx_flit_reg[24]/D
                            (rising edge-triggered cell FDCE clocked by sys_clk  {rise@0.000ns fall@7.500ns period=15.000ns})
  Path Group:             sys_clk
  Path Type:              Hold (Min at Fast Process Corner)
  Requirement:            0.000ns  (sys_clk rise@0.000ns - sys_clk rise@0.000ns)
  Data Path Delay:        0.290ns  (logic 0.186ns (64.100%)  route 0.104ns (35.900%))
  Logic Levels:           1  (LUT4=1)
  Clock Path Skew:        0.013ns (DCD - SCD - CPR)
    Destination Clock Delay (DCD):    1.926ns
    Source Clock Delay      (SCD):    1.412ns
    Clock Pessimism Removal (CPR):    0.501ns

    Location             Delay type                Incr(ns)  Path(ns)    Netlist Resource(s)
  -------------------------------------------------------------------    -------------------
                         (clock sys_clk rise edge)    0.000     0.000 r  
    M18                                               0.000     0.000 r  clk (IN)
                         net (fo=0)                   0.000     0.000    clk
    M18                  IBUF (Prop_ibuf_I_O)         0.167     0.167 r  clk_IBUF_inst/O
                         net (fo=1, routed)           0.634     0.801    clk_IBUF
    BUFGCTRL_X0Y0        BUFG (Prop_bufg_I_O)         0.026     0.827 r  clk_IBUF_BUFG_inst/O
                         net (fo=452, routed)         0.585     1.412    noc_inst/clk_IBUF_BUFG
    SLICE_X5Y30          FDCE                                         r  noc_inst/wdata_reg_reg[24]/C
  -------------------------------------------------------------------    -------------------
    SLICE_X5Y30          FDCE (Prop_fdce_C_Q)         0.141     1.553 r  noc_inst/wdata_reg_reg[24]/Q
                         net (fo=1, routed)           0.104     1.657    noc_inst/in7[24]
    SLICE_X5Y29          LUT4 (Prop_lut4_I2_O)        0.045     1.702 r  noc_inst/noc_tx_flit[24]_i_1/O
                         net (fo=1, routed)           0.000     1.702    noc_inst/noc_tx_flit[24]_i_1_n_0
    SLICE_X5Y29          FDCE                                         r  noc_inst/noc_tx_flit_reg[24]/D
  -------------------------------------------------------------------    -------------------

                         (clock sys_clk rise edge)    0.000     0.000 r  
    M18                                               0.000     0.000 r  clk (IN)
                         net (fo=0)                   0.000     0.000    clk
    M18                  IBUF (Prop_ibuf_I_O)         0.356     0.356 r  clk_IBUF_inst/O
                         net (fo=1, routed)           0.689     1.044    clk_IBUF
    BUFGCTRL_X0Y0        BUFG (Prop_bufg_I_O)         0.029     1.073 r  clk_IBUF_BUFG_inst/O
                         net (fo=452, routed)         0.853     1.926    noc_inst/clk_IBUF_BUFG
    SLICE_X5Y29          FDCE                                         r  noc_inst/noc_tx_flit_reg[24]/C
                         clock pessimism             -0.501     1.425    
    SLICE_X5Y29          FDCE (Hold_fdce_C_D)         0.092     1.517    noc_inst/noc_tx_flit_reg[24]
  -------------------------------------------------------------------
                         required time                         -1.517    
                         arrival time                           1.702    
  -------------------------------------------------------------------
                         slack                                  0.185    

Slack (MET) :             0.188ns  (arrival time - required time)
  Source:                 bridge_inst/m_ahb_hwdata_reg[0]/C
                            (rising edge-triggered cell FDCE clocked by sys_clk  {rise@0.000ns fall@7.500ns period=15.000ns})
  Destination:            uart_inst/tx_shift_reg[0]/D
                            (rising edge-triggered cell FDCE clocked by sys_clk  {rise@0.000ns fall@7.500ns period=15.000ns})
  Path Group:             sys_clk
  Path Type:              Hold (Min at Fast Process Corner)
  Requirement:            0.000ns  (sys_clk rise@0.000ns - sys_clk rise@0.000ns)
  Data Path Delay:        0.283ns  (logic 0.141ns (49.905%)  route 0.142ns (50.095%))
  Logic Levels:           0  
  Clock Path Skew:        0.036ns (DCD - SCD - CPR)
    Destination Clock Delay (DCD):    1.924ns
    Source Clock Delay      (SCD):    1.408ns
    Clock Pessimism Removal (CPR):    0.480ns

    Location             Delay type                Incr(ns)  Path(ns)    Netlist Resource(s)
  -------------------------------------------------------------------    -------------------
                         (clock sys_clk rise edge)    0.000     0.000 r  
    M18                                               0.000     0.000 r  clk (IN)
                         net (fo=0)                   0.000     0.000    clk
    M18                  IBUF (Prop_ibuf_I_O)         0.167     0.167 r  clk_IBUF_inst/O
                         net (fo=1, routed)           0.634     0.801    clk_IBUF
    BUFGCTRL_X0Y0        BUFG (Prop_bufg_I_O)         0.026     0.827 r  clk_IBUF_BUFG_inst/O
                         net (fo=452, routed)         0.581     1.408    bridge_inst/clk_IBUF_BUFG
    SLICE_X4Y23          FDCE                                         r  bridge_inst/m_ahb_hwdata_reg[0]/C
  -------------------------------------------------------------------    -------------------
    SLICE_X4Y23          FDCE (Prop_fdce_C_Q)         0.141     1.549 r  bridge_inst/m_ahb_hwdata_reg[0]/Q
                         net (fo=5, routed)           0.142     1.690    uart_inst/tx_shift_reg[7]_2[0]
    SLICE_X2Y23          FDCE                                         r  uart_inst/tx_shift_reg[0]/D
  -------------------------------------------------------------------    -------------------

                         (clock sys_clk rise edge)    0.000     0.000 r  
    M18                                               0.000     0.000 r  clk (IN)
                         net (fo=0)                   0.000     0.000    clk
    M18                  IBUF (Prop_ibuf_I_O)         0.356     0.356 r  clk_IBUF_inst/O
                         net (fo=1, routed)           0.689     1.044    clk_IBUF
    BUFGCTRL_X0Y0        BUFG (Prop_bufg_I_O)         0.029     1.073 r  clk_IBUF_BUFG_inst/O
                         net (fo=452, routed)         0.851     1.924    uart_inst/clk_IBUF_BUFG
    SLICE_X2Y23          FDCE                                         r  uart_inst/tx_shift_reg[0]/C
                         clock pessimism             -0.480     1.444    
    SLICE_X2Y23          FDCE (Hold_fdce_C_D)         0.059     1.503    uart_inst/tx_shift_reg[0]
  -------------------------------------------------------------------
                         required time                         -1.503    
                         arrival time                           1.690    
  -------------------------------------------------------------------
                         slack                                  0.188    

Slack (MET) :             0.190ns  (arrival time - required time)
  Source:                 noc_inst/wdata_reg_reg[3]/C
                            (rising edge-triggered cell FDCE clocked by sys_clk  {rise@0.000ns fall@7.500ns period=15.000ns})
  Destination:            noc_inst/noc_tx_flit_reg[3]/D
                            (rising edge-triggered cell FDCE clocked by sys_clk  {rise@0.000ns fall@7.500ns period=15.000ns})
  Path Group:             sys_clk
  Path Type:              Hold (Min at Fast Process Corner)
  Requirement:            0.000ns  (sys_clk rise@0.000ns - sys_clk rise@0.000ns)
  Data Path Delay:        0.324ns  (logic 0.186ns (57.389%)  route 0.138ns (42.611%))
  Logic Levels:           1  (LUT4=1)
  Clock Path Skew:        0.013ns (DCD - SCD - CPR)
    Destination Clock Delay (DCD):    1.921ns
    Source Clock Delay      (SCD):    1.407ns
    Clock Pessimism Removal (CPR):    0.501ns

    Location             Delay type                Incr(ns)  Path(ns)    Netlist Resource(s)
  -------------------------------------------------------------------    -------------------
                         (clock sys_clk rise edge)    0.000     0.000 r  
    M18                                               0.000     0.000 r  clk (IN)
                         net (fo=0)                   0.000     0.000    clk
    M18                  IBUF (Prop_ibuf_I_O)         0.167     0.167 r  clk_IBUF_inst/O
                         net (fo=1, routed)           0.634     0.801    clk_IBUF
    BUFGCTRL_X0Y0        BUFG (Prop_bufg_I_O)         0.026     0.827 r  clk_IBUF_BUFG_inst/O
                         net (fo=452, routed)         0.580     1.407    noc_inst/clk_IBUF_BUFG
    SLICE_X7Y24          FDCE                                         r  noc_inst/wdata_reg_reg[3]/C
  -------------------------------------------------------------------    -------------------
    SLICE_X7Y24          FDCE (Prop_fdce_C_Q)         0.141     1.548 r  noc_inst/wdata_reg_reg[3]/Q
                         net (fo=1, routed)           0.138     1.686    noc_inst/in7[3]
    SLICE_X6Y24          LUT4 (Prop_lut4_I2_O)        0.045     1.731 r  noc_inst/noc_tx_flit[3]_i_1/O
                         net (fo=1, routed)           0.000     1.731    noc_inst/noc_tx_flit[3]_i_1_n_0
    SLICE_X6Y24          FDCE                                         r  noc_inst/noc_tx_flit_reg[3]/D
  -------------------------------------------------------------------    -------------------

                         (clock sys_clk rise edge)    0.000     0.000 r  
    M18                                               0.000     0.000 r  clk (IN)
                         net (fo=0)                   0.000     0.000    clk
    M18                  IBUF (Prop_ibuf_I_O)         0.356     0.356 r  clk_IBUF_inst/O
                         net (fo=1, routed)           0.689     1.044    clk_IBUF
    BUFGCTRL_X0Y0        BUFG (Prop_bufg_I_O)         0.029     1.073 r  clk_IBUF_BUFG_inst/O
                         net (fo=452, routed)         0.848     1.921    noc_inst/clk_IBUF_BUFG
    SLICE_X6Y24          FDCE                                         r  noc_inst/noc_tx_flit_reg[3]/C
                         clock pessimism             -0.501     1.420    
    SLICE_X6Y24          FDCE (Hold_fdce_C_D)         0.121     1.541    noc_inst/noc_tx_flit_reg[3]
  -------------------------------------------------------------------
                         required time                         -1.541    
                         arrival time                           1.731    
  -------------------------------------------------------------------
                         slack                                  0.190    





Pulse Width Checks
--------------------------------------------------------------------------------------
Clock Name:         sys_clk
Waveform(ns):       { 0.000 7.500 }
Period(ns):         15.000
Sources:            { clk }

Check Type        Corner  Lib Pin             Reference Pin  Required(ns)  Actual(ns)  Slack(ns)  Location       Pin
Min Period        n/a     RAMB36E1/CLKARDCLK  n/a            2.576         15.000      12.424     RAMB36_X0Y5    itcm_ram/itcm_rdata_reg_0/CLKARDCLK
Min Period        n/a     RAMB18E1/CLKARDCLK  n/a            2.576         15.000      12.424     RAMB18_X0Y12   itcm_ram/itcm_rdata_reg_1/CLKARDCLK
Min Period        n/a     BUFG/I              n/a            2.155         15.000      12.845     BUFGCTRL_X0Y0  clk_IBUF_BUFG_inst/I
Min Period        n/a     FDPE/C              n/a            1.000         15.000      14.000     SLICE_X5Y33    bridge_inst/FSM_onehot_state_reg[0]/C
Min Period        n/a     FDCE/C              n/a            1.000         15.000      14.000     SLICE_X5Y33    bridge_inst/FSM_onehot_state_reg[1]/C
Min Period        n/a     FDCE/C              n/a            1.000         15.000      14.000     SLICE_X5Y33    bridge_inst/FSM_onehot_state_reg[2]/C
Min Period        n/a     FDCE/C              n/a            1.000         15.000      14.000     SLICE_X4Y23    bridge_inst/m_ahb_haddr_reg[0]/C
Min Period        n/a     FDCE/C              n/a            1.000         15.000      14.000     SLICE_X7Y26    bridge_inst/m_ahb_haddr_reg[10]/C
Min Period        n/a     FDCE/C              n/a            1.000         15.000      14.000     SLICE_X4Y26    bridge_inst/m_ahb_haddr_reg[11]/C
Min Period        n/a     FDCE/C              n/a            1.000         15.000      14.000     SLICE_X4Y26    bridge_inst/m_ahb_haddr_reg[13]/C
Low Pulse Width   Slow    FDPE/C              n/a            0.500         7.500       7.000      SLICE_X5Y33    bridge_inst/FSM_onehot_state_reg[0]/C
Low Pulse Width   Fast    FDPE/C              n/a            0.500         7.500       7.000      SLICE_X5Y33    bridge_inst/FSM_onehot_state_reg[0]/C
Low Pulse Width   Slow    FDCE/C              n/a            0.500         7.500       7.000      SLICE_X5Y33    bridge_inst/FSM_onehot_state_reg[1]/C
Low Pulse Width   Fast    FDCE/C              n/a            0.500         7.500       7.000      SLICE_X5Y33    bridge_inst/FSM_onehot_state_reg[1]/C
Low Pulse Width   Slow    FDCE/C              n/a            0.500         7.500       7.000      SLICE_X5Y33    bridge_inst/FSM_onehot_state_reg[2]/C
Low Pulse Width   Fast    FDCE/C              n/a            0.500         7.500       7.000      SLICE_X5Y33    bridge_inst/FSM_onehot_state_reg[2]/C
Low Pulse Width   Slow    FDCE/C              n/a            0.500         7.500       7.000      SLICE_X4Y23    bridge_inst/m_ahb_haddr_reg[0]/C
Low Pulse Width   Fast    FDCE/C              n/a            0.500         7.500       7.000      SLICE_X4Y23    bridge_inst/m_ahb_haddr_reg[0]/C
Low Pulse Width   Slow    FDCE/C              n/a            0.500         7.500       7.000      SLICE_X7Y26    bridge_inst/m_ahb_haddr_reg[10]/C
Low Pulse Width   Fast    FDCE/C              n/a            0.500         7.500       7.000      SLICE_X7Y26    bridge_inst/m_ahb_haddr_reg[10]/C
High Pulse Width  Slow    FDPE/C              n/a            0.500         7.500       7.000      SLICE_X5Y33    bridge_inst/FSM_onehot_state_reg[0]/C
High Pulse Width  Fast    FDPE/C              n/a            0.500         7.500       7.000      SLICE_X5Y33    bridge_inst/FSM_onehot_state_reg[0]/C
High Pulse Width  Slow    FDCE/C              n/a            0.500         7.500       7.000      SLICE_X5Y33    bridge_inst/FSM_onehot_state_reg[1]/C
High Pulse Width  Fast    FDCE/C              n/a            0.500         7.500       7.000      SLICE_X5Y33    bridge_inst/FSM_onehot_state_reg[1]/C
High Pulse Width  Slow    FDCE/C              n/a            0.500         7.500       7.000      SLICE_X5Y33    bridge_inst/FSM_onehot_state_reg[2]/C
High Pulse Width  Fast    FDCE/C              n/a            0.500         7.500       7.000      SLICE_X5Y33    bridge_inst/FSM_onehot_state_reg[2]/C
High Pulse Width  Slow    FDCE/C              n/a            0.500         7.500       7.000      SLICE_X4Y23    bridge_inst/m_ahb_haddr_reg[0]/C
High Pulse Width  Fast    FDCE/C              n/a            0.500         7.500       7.000      SLICE_X4Y23    bridge_inst/m_ahb_haddr_reg[0]/C
High Pulse Width  Slow    FDCE/C              n/a            0.500         7.500       7.000      SLICE_X7Y26    bridge_inst/m_ahb_haddr_reg[10]/C
High Pulse Width  Fast    FDCE/C              n/a            0.500         7.500       7.000      SLICE_X7Y26    bridge_inst/m_ahb_haddr_reg[10]/C



--------------------------------------------------------------------------------------
Path Group:  (none)
From Clock:  sys_clk
  To Clock:  

Max Delay             3 Endpoints
Min Delay             3 Endpoints
--------------------------------------------------------------------------------------


Max Delay Paths
--------------------------------------------------------------------------------------
Slack:                    inf
  Source:                 i2c_inst/scl_out_reg/C
                            (rising edge-triggered cell FDPE clocked by sys_clk  {rise@0.000ns fall@7.500ns period=15.000ns})
  Destination:            i2c_scl
                            (output port)
  Path Group:             (none)
  Path Type:              Max at Slow Process Corner
  Data Path Delay:        5.438ns  (logic 3.117ns (57.326%)  route 2.320ns (42.674%))
  Logic Levels:           1  (OBUF=1)
  Clock Uncertainty:      0.025ns  ((TSJ^2 + TIJ^2)^1/2 + DJ) / 2 + PE
    Total System Jitter     (TSJ):    0.050ns
    Total Input Jitter      (TIJ):    0.000ns
    Discrete Jitter          (DJ):    0.000ns
    Phase Error              (PE):    0.000ns
  Timing Exception:       False Path

    Location             Delay type                Incr(ns)  Path(ns)    Netlist Resource(s)
  -------------------------------------------------------------------    -------------------
                         (clock sys_clk rise edge)    0.000     0.000 r  
    M18                                               0.000     0.000 r  clk (IN)
                         net (fo=0)                   0.000     0.000    clk
    M18                  IBUF (Prop_ibuf_I_O)         0.938     0.938 r  clk_IBUF_inst/O
                         net (fo=1, routed)           1.972     2.910    clk_IBUF
    BUFGCTRL_X0Y0        BUFG (Prop_bufg_I_O)         0.096     3.006 r  clk_IBUF_BUFG_inst/O
                         net (fo=452, routed)         1.624     4.630    i2c_inst/clk_IBUF_BUFG
    SLICE_X2Y21          FDPE                                         r  i2c_inst/scl_out_reg/C
  -------------------------------------------------------------------    -------------------
    SLICE_X2Y21          FDPE (Prop_fdpe_C_Q)         0.518     5.148 r  i2c_inst/scl_out_reg/Q
                         net (fo=1, routed)           2.320     7.468    i2c_scl_OBUF
    U14                  OBUF (Prop_obuf_I_O)         2.599    10.068 r  i2c_scl_OBUF_inst/O
                         net (fo=0)                   0.000    10.068    i2c_scl
    U14                                                               r  i2c_scl (INOUT)
  -------------------------------------------------------------------    -------------------

Slack:                    inf
  Source:                 uart_inst/tx_reg/C
                            (rising edge-triggered cell FDPE clocked by sys_clk  {rise@0.000ns fall@7.500ns period=15.000ns})
  Destination:            uart_tx
                            (output port)
  Path Group:             (none)
  Path Type:              Max at Slow Process Corner
  Data Path Delay:        5.404ns  (logic 3.140ns (58.109%)  route 2.264ns (41.891%))
  Logic Levels:           1  (OBUF=1)
  Clock Uncertainty:      0.025ns  ((TSJ^2 + TIJ^2)^1/2 + DJ) / 2 + PE
    Total System Jitter     (TSJ):    0.050ns
    Total Input Jitter      (TIJ):    0.000ns
    Discrete Jitter          (DJ):    0.000ns
    Phase Error              (PE):    0.000ns
  Timing Exception:       False Path

    Location             Delay type                Incr(ns)  Path(ns)    Netlist Resource(s)
  -------------------------------------------------------------------    -------------------
                         (clock sys_clk rise edge)    0.000     0.000 r  
    M18                                               0.000     0.000 r  clk (IN)
                         net (fo=0)                   0.000     0.000    clk
    M18                  IBUF (Prop_ibuf_I_O)         0.938     0.938 r  clk_IBUF_inst/O
                         net (fo=1, routed)           1.972     2.910    clk_IBUF
    BUFGCTRL_X0Y0        BUFG (Prop_bufg_I_O)         0.096     3.006 r  clk_IBUF_BUFG_inst/O
                         net (fo=452, routed)         1.618     4.624    uart_inst/clk_IBUF_BUFG
    SLICE_X2Y24          FDPE                                         r  uart_inst/tx_reg/C
  -------------------------------------------------------------------    -------------------
    SLICE_X2Y24          FDPE (Prop_fdpe_C_Q)         0.518     5.142 r  uart_inst/tx_reg/Q
                         net (fo=1, routed)           2.264     7.406    uart_tx_OBUF
    G17                  OBUF (Prop_obuf_I_O)         2.622    10.028 r  uart_tx_OBUF_inst/O
                         net (fo=0)                   0.000    10.028    uart_tx
    G17                                                               r  uart_tx (OUT)
  -------------------------------------------------------------------    -------------------

Slack:                    inf
  Source:                 i2c_inst/sda_out_reg/C
                            (rising edge-triggered cell FDPE clocked by sys_clk  {rise@0.000ns fall@7.500ns period=15.000ns})
  Destination:            i2c_sda
                            (output port)
  Path Group:             (none)
  Path Type:              Max at Slow Process Corner
  Data Path Delay:        5.390ns  (logic 3.050ns (56.580%)  route 2.340ns (43.420%))
  Logic Levels:           1  (OBUF=1)
  Clock Uncertainty:      0.025ns  ((TSJ^2 + TIJ^2)^1/2 + DJ) / 2 + PE
    Total System Jitter     (TSJ):    0.050ns
    Total Input Jitter      (TIJ):    0.000ns
    Discrete Jitter          (DJ):    0.000ns
    Phase Error              (PE):    0.000ns
  Timing Exception:       False Path

    Location             Delay type                Incr(ns)  Path(ns)    Netlist Resource(s)
  -------------------------------------------------------------------    -------------------
                         (clock sys_clk rise edge)    0.000     0.000 r  
    M18                                               0.000     0.000 r  clk (IN)
                         net (fo=0)                   0.000     0.000    clk
    M18                  IBUF (Prop_ibuf_I_O)         0.938     0.938 r  clk_IBUF_inst/O
                         net (fo=1, routed)           1.972     2.910    clk_IBUF
    BUFGCTRL_X0Y0        BUFG (Prop_bufg_I_O)         0.096     3.006 r  clk_IBUF_BUFG_inst/O
                         net (fo=452, routed)         1.621     4.627    i2c_inst/clk_IBUF_BUFG
    SLICE_X1Y22          FDPE                                         r  i2c_inst/sda_out_reg/C
  -------------------------------------------------------------------    -------------------
    SLICE_X1Y22          FDPE (Prop_fdpe_C_Q)         0.456     5.083 r  i2c_inst/sda_out_reg/Q
                         net (fo=1, routed)           2.340     7.423    i2c_sda_OBUF
    V14                  OBUF (Prop_obuf_I_O)         2.594    10.017 r  i2c_sda_OBUF_inst/O
                         net (fo=0)                   0.000    10.017    i2c_sda
    V14                                                               r  i2c_sda (INOUT)
  -------------------------------------------------------------------    -------------------





Min Delay Paths
--------------------------------------------------------------------------------------
Slack:                    inf
  Source:                 i2c_inst/sda_out_reg/C
                            (rising edge-triggered cell FDPE clocked by sys_clk  {rise@0.000ns fall@7.500ns period=15.000ns})
  Destination:            i2c_sda
                            (output port)
  Path Group:             (none)
  Path Type:              Min at Fast Process Corner
  Data Path Delay:        1.862ns  (logic 1.252ns (67.224%)  route 0.610ns (32.776%))
  Logic Levels:           1  (OBUF=1)
  Clock Uncertainty:      0.025ns  ((TSJ^2 + TIJ^2)^1/2 + DJ) / 2 + PE
    Total System Jitter     (TSJ):    0.050ns
    Total Input Jitter      (TIJ):    0.000ns
    Discrete Jitter          (DJ):    0.000ns
    Phase Error              (PE):    0.000ns
  Timing Exception:       False Path

    Location             Delay type                Incr(ns)  Path(ns)    Netlist Resource(s)
  -------------------------------------------------------------------    -------------------
                         (clock sys_clk rise edge)    0.000     0.000 r  
    M18                                               0.000     0.000 r  clk (IN)
                         net (fo=0)                   0.000     0.000    clk
    M18                  IBUF (Prop_ibuf_I_O)         0.167     0.167 r  clk_IBUF_inst/O
                         net (fo=1, routed)           0.634     0.801    clk_IBUF
    BUFGCTRL_X0Y0        BUFG (Prop_bufg_I_O)         0.026     0.827 r  clk_IBUF_BUFG_inst/O
                         net (fo=452, routed)         0.585     1.412    i2c_inst/clk_IBUF_BUFG
    SLICE_X1Y22          FDPE                                         r  i2c_inst/sda_out_reg/C
  -------------------------------------------------------------------    -------------------
    SLICE_X1Y22          FDPE (Prop_fdpe_C_Q)         0.141     1.553 r  i2c_inst/sda_out_reg/Q
                         net (fo=1, routed)           0.610     2.163    i2c_sda_OBUF
    V14                  OBUF (Prop_obuf_I_O)         1.111     3.274 r  i2c_sda_OBUF_inst/O
                         net (fo=0)                   0.000     3.274    i2c_sda
    V14                                                               r  i2c_sda (INOUT)
  -------------------------------------------------------------------    -------------------

Slack:                    inf
  Source:                 i2c_inst/scl_out_reg/C
                            (rising edge-triggered cell FDPE clocked by sys_clk  {rise@0.000ns fall@7.500ns period=15.000ns})
  Destination:            i2c_scl
                            (output port)
  Path Group:             (none)
  Path Type:              Min at Fast Process Corner
  Data Path Delay:        1.886ns  (logic 1.280ns (67.893%)  route 0.605ns (32.107%))
  Logic Levels:           1  (OBUF=1)
  Clock Uncertainty:      0.025ns  ((TSJ^2 + TIJ^2)^1/2 + DJ) / 2 + PE
    Total System Jitter     (TSJ):    0.050ns
    Total Input Jitter      (TIJ):    0.000ns
    Discrete Jitter          (DJ):    0.000ns
    Phase Error              (PE):    0.000ns
  Timing Exception:       False Path

    Location             Delay type                Incr(ns)  Path(ns)    Netlist Resource(s)
  -------------------------------------------------------------------    -------------------
                         (clock sys_clk rise edge)    0.000     0.000 r  
    M18                                               0.000     0.000 r  clk (IN)
                         net (fo=0)                   0.000     0.000    clk
    M18                  IBUF (Prop_ibuf_I_O)         0.167     0.167 r  clk_IBUF_inst/O
                         net (fo=1, routed)           0.634     0.801    clk_IBUF
    BUFGCTRL_X0Y0        BUFG (Prop_bufg_I_O)         0.026     0.827 r  clk_IBUF_BUFG_inst/O
                         net (fo=452, routed)         0.585     1.412    i2c_inst/clk_IBUF_BUFG
    SLICE_X2Y21          FDPE                                         r  i2c_inst/scl_out_reg/C
  -------------------------------------------------------------------    -------------------
    SLICE_X2Y21          FDPE (Prop_fdpe_C_Q)         0.164     1.576 r  i2c_inst/scl_out_reg/Q
                         net (fo=1, routed)           0.605     2.181    i2c_scl_OBUF
    U14                  OBUF (Prop_obuf_I_O)         1.116     3.298 r  i2c_scl_OBUF_inst/O
                         net (fo=0)                   0.000     3.298    i2c_scl
    U14                                                               r  i2c_scl (INOUT)
  -------------------------------------------------------------------    -------------------

Slack:                    inf
  Source:                 uart_inst/tx_reg/C
                            (rising edge-triggered cell FDPE clocked by sys_clk  {rise@0.000ns fall@7.500ns period=15.000ns})
  Destination:            uart_tx
                            (output port)
  Path Group:             (none)
  Path Type:              Min at Fast Process Corner
  Data Path Delay:        1.893ns  (logic 1.303ns (68.844%)  route 0.590ns (31.156%))
  Logic Levels:           1  (OBUF=1)
  Clock Uncertainty:      0.025ns  ((TSJ^2 + TIJ^2)^1/2 + DJ) / 2 + PE
    Total System Jitter     (TSJ):    0.050ns
    Total Input Jitter      (TIJ):    0.000ns
    Discrete Jitter          (DJ):    0.000ns
    Phase Error              (PE):    0.000ns
  Timing Exception:       False Path

    Location             Delay type                Incr(ns)  Path(ns)    Netlist Resource(s)
  -------------------------------------------------------------------    -------------------
                         (clock sys_clk rise edge)    0.000     0.000 r  
    M18                                               0.000     0.000 r  clk (IN)
                         net (fo=0)                   0.000     0.000    clk
    M18                  IBUF (Prop_ibuf_I_O)         0.167     0.167 r  clk_IBUF_inst/O
                         net (fo=1, routed)           0.634     0.801    clk_IBUF
    BUFGCTRL_X0Y0        BUFG (Prop_bufg_I_O)         0.026     0.827 r  clk_IBUF_BUFG_inst/O
                         net (fo=452, routed)         0.582     1.409    uart_inst/clk_IBUF_BUFG
    SLICE_X2Y24          FDPE                                         r  uart_inst/tx_reg/C
  -------------------------------------------------------------------    -------------------
    SLICE_X2Y24          FDPE (Prop_fdpe_C_Q)         0.164     1.573 r  uart_inst/tx_reg/Q
                         net (fo=1, routed)           0.590     2.163    uart_tx_OBUF
    G17                  OBUF (Prop_obuf_I_O)         1.139     3.302 r  uart_tx_OBUF_inst/O
                         net (fo=0)                   0.000     3.302    uart_tx
    G17                                                               r  uart_tx (OUT)
  -------------------------------------------------------------------    -------------------





--------------------------------------------------------------------------------------
Path Group:  (none)
From Clock:  
  To Clock:  sys_clk

Max Delay           450 Endpoints
Min Delay           450 Endpoints
--------------------------------------------------------------------------------------


Max Delay Paths
--------------------------------------------------------------------------------------
Slack:                    inf
  Source:                 rst_n
                            (input port)
  Destination:            core_inst/regfile_inst/registers_reg[22][0]/CLR
                            (recovery check against rising-edge clock sys_clk  {rise@0.000ns fall@7.500ns period=15.000ns})
  Path Group:             (none)
  Path Type:              Recovery (Max at Slow Process Corner)
  Data Path Delay:        6.503ns  (logic 1.078ns (16.577%)  route 5.425ns (83.423%))
  Logic Levels:           2  (IBUF=1 LUT1=1)
  Clock Path Skew:        4.197ns (DCD - SCD + CPR)
    Destination Clock Delay (DCD):    4.197ns
    Source Clock Delay      (SCD):    0.000ns
    Clock Pessimism Removal (CPR):    0.000ns
  Clock Uncertainty:      0.025ns  ((TSJ^2 + TIJ^2)^1/2 + DJ) / 2 + PE
    Total System Jitter     (TSJ):    0.050ns
    Total Input Jitter      (TIJ):    0.000ns
    Discrete Jitter          (DJ):    0.000ns
    Phase Error              (PE):    0.000ns
  Timing Exception:       False Path

    Location             Delay type                Incr(ns)  Path(ns)    Netlist Resource(s)
  -------------------------------------------------------------------    -------------------
    G19                                               0.000     0.000 r  rst_n (IN)
                         net (fo=0)                   0.000     0.000    rst_n
    G19                  IBUF (Prop_ibuf_I_O)         0.954     0.954 r  rst_n_IBUF_inst/O
                         net (fo=1, routed)           1.379     2.333    core_inst/regfile_inst/rst_n_IBUF
    SLICE_X0Y39          LUT1 (Prop_lut1_I0_O)        0.124     2.457 f  core_inst/regfile_inst/registers[1][31]_i_3/O
                         net (fo=450, routed)         4.045     6.503    core_inst/regfile_inst/rst_n
    SLICE_X13Y25         FDCE                                         f  core_inst/regfile_inst/registers_reg[22][0]/CLR
  -------------------------------------------------------------------    -------------------

                         (clock sys_clk rise edge)    0.000     0.000 r  
    M18                                               0.000     0.000 r  clk (IN)
                         net (fo=0)                   0.000     0.000    clk
    M18                  IBUF (Prop_ibuf_I_O)         0.805     0.805 r  clk_IBUF_inst/O
                         net (fo=1, routed)           1.868     2.673    clk_IBUF
    BUFGCTRL_X0Y0        BUFG (Prop_bufg_I_O)         0.091     2.764 r  clk_IBUF_BUFG_inst/O
                         net (fo=452, routed)         1.433     4.197    core_inst/regfile_inst/clk_IBUF_BUFG
    SLICE_X13Y25         FDCE                                         r  core_inst/regfile_inst/registers_reg[22][0]/C

Slack:                    inf
  Source:                 rst_n
                            (input port)
  Destination:            core_inst/regfile_inst/registers_reg[22][4]/CLR
                            (recovery check against rising-edge clock sys_clk  {rise@0.000ns fall@7.500ns period=15.000ns})
  Path Group:             (none)
  Path Type:              Recovery (Max at Slow Process Corner)
  Data Path Delay:        6.503ns  (logic 1.078ns (16.577%)  route 5.425ns (83.423%))
  Logic Levels:           2  (IBUF=1 LUT1=1)
  Clock Path Skew:        4.197ns (DCD - SCD + CPR)
    Destination Clock Delay (DCD):    4.197ns
    Source Clock Delay      (SCD):    0.000ns
    Clock Pessimism Removal (CPR):    0.000ns
  Clock Uncertainty:      0.025ns  ((TSJ^2 + TIJ^2)^1/2 + DJ) / 2 + PE
    Total System Jitter     (TSJ):    0.050ns
    Total Input Jitter      (TIJ):    0.000ns
    Discrete Jitter          (DJ):    0.000ns
    Phase Error              (PE):    0.000ns
  Timing Exception:       False Path

    Location             Delay type                Incr(ns)  Path(ns)    Netlist Resource(s)
  -------------------------------------------------------------------    -------------------
    G19                                               0.000     0.000 r  rst_n (IN)
                         net (fo=0)                   0.000     0.000    rst_n
    G19                  IBUF (Prop_ibuf_I_O)         0.954     0.954 r  rst_n_IBUF_inst/O
                         net (fo=1, routed)           1.379     2.333    core_inst/regfile_inst/rst_n_IBUF
    SLICE_X0Y39          LUT1 (Prop_lut1_I0_O)        0.124     2.457 f  core_inst/regfile_inst/registers[1][31]_i_3/O
                         net (fo=450, routed)         4.045     6.503    core_inst/regfile_inst/rst_n
    SLICE_X13Y25         FDCE                                         f  core_inst/regfile_inst/registers_reg[22][4]/CLR
  -------------------------------------------------------------------    -------------------

                         (clock sys_clk rise edge)    0.000     0.000 r  
    M18                                               0.000     0.000 r  clk (IN)
                         net (fo=0)                   0.000     0.000    clk
    M18                  IBUF (Prop_ibuf_I_O)         0.805     0.805 r  clk_IBUF_inst/O
                         net (fo=1, routed)           1.868     2.673    clk_IBUF
    BUFGCTRL_X0Y0        BUFG (Prop_bufg_I_O)         0.091     2.764 r  clk_IBUF_BUFG_inst/O
                         net (fo=452, routed)         1.433     4.197    core_inst/regfile_inst/clk_IBUF_BUFG
    SLICE_X13Y25         FDCE                                         r  core_inst/regfile_inst/registers_reg[22][4]/C

Slack:                    inf
  Source:                 rst_n
                            (input port)
  Destination:            core_inst/regfile_inst/registers_reg[22][7]/CLR
                            (recovery check against rising-edge clock sys_clk  {rise@0.000ns fall@7.500ns period=15.000ns})
  Path Group:             (none)
  Path Type:              Recovery (Max at Slow Process Corner)
  Data Path Delay:        6.503ns  (logic 1.078ns (16.577%)  route 5.425ns (83.423%))
  Logic Levels:           2  (IBUF=1 LUT1=1)
  Clock Path Skew:        4.197ns (DCD - SCD + CPR)
    Destination Clock Delay (DCD):    4.197ns
    Source Clock Delay      (SCD):    0.000ns
    Clock Pessimism Removal (CPR):    0.000ns
  Clock Uncertainty:      0.025ns  ((TSJ^2 + TIJ^2)^1/2 + DJ) / 2 + PE
    Total System Jitter     (TSJ):    0.050ns
    Total Input Jitter      (TIJ):    0.000ns
    Discrete Jitter          (DJ):    0.000ns
    Phase Error              (PE):    0.000ns
  Timing Exception:       False Path

    Location             Delay type                Incr(ns)  Path(ns)    Netlist Resource(s)
  -------------------------------------------------------------------    -------------------
    G19                                               0.000     0.000 r  rst_n (IN)
                         net (fo=0)                   0.000     0.000    rst_n
    G19                  IBUF (Prop_ibuf_I_O)         0.954     0.954 r  rst_n_IBUF_inst/O
                         net (fo=1, routed)           1.379     2.333    core_inst/regfile_inst/rst_n_IBUF
    SLICE_X0Y39          LUT1 (Prop_lut1_I0_O)        0.124     2.457 f  core_inst/regfile_inst/registers[1][31]_i_3/O
                         net (fo=450, routed)         4.045     6.503    core_inst/regfile_inst/rst_n
    SLICE_X13Y25         FDCE                                         f  core_inst/regfile_inst/registers_reg[22][7]/CLR
  -------------------------------------------------------------------    -------------------

                         (clock sys_clk rise edge)    0.000     0.000 r  
    M18                                               0.000     0.000 r  clk (IN)
                         net (fo=0)                   0.000     0.000    clk
    M18                  IBUF (Prop_ibuf_I_O)         0.805     0.805 r  clk_IBUF_inst/O
                         net (fo=1, routed)           1.868     2.673    clk_IBUF
    BUFGCTRL_X0Y0        BUFG (Prop_bufg_I_O)         0.091     2.764 r  clk_IBUF_BUFG_inst/O
                         net (fo=452, routed)         1.433     4.197    core_inst/regfile_inst/clk_IBUF_BUFG
    SLICE_X13Y25         FDCE                                         r  core_inst/regfile_inst/registers_reg[22][7]/C

Slack:                    inf
  Source:                 rst_n
                            (input port)
  Destination:            core_inst/regfile_inst/registers_reg[22][8]/CLR
                            (recovery check against rising-edge clock sys_clk  {rise@0.000ns fall@7.500ns period=15.000ns})
  Path Group:             (none)
  Path Type:              Recovery (Max at Slow Process Corner)
  Data Path Delay:        6.503ns  (logic 1.078ns (16.577%)  route 5.425ns (83.423%))
  Logic Levels:           2  (IBUF=1 LUT1=1)
  Clock Path Skew:        4.197ns (DCD - SCD + CPR)
    Destination Clock Delay (DCD):    4.197ns
    Source Clock Delay      (SCD):    0.000ns
    Clock Pessimism Removal (CPR):    0.000ns
  Clock Uncertainty:      0.025ns  ((TSJ^2 + TIJ^2)^1/2 + DJ) / 2 + PE
    Total System Jitter     (TSJ):    0.050ns
    Total Input Jitter      (TIJ):    0.000ns
    Discrete Jitter          (DJ):    0.000ns
    Phase Error              (PE):    0.000ns
  Timing Exception:       False Path

    Location             Delay type                Incr(ns)  Path(ns)    Netlist Resource(s)
  -------------------------------------------------------------------    -------------------
    G19                                               0.000     0.000 r  rst_n (IN)
                         net (fo=0)                   0.000     0.000    rst_n
    G19                  IBUF (Prop_ibuf_I_O)         0.954     0.954 r  rst_n_IBUF_inst/O
                         net (fo=1, routed)           1.379     2.333    core_inst/regfile_inst/rst_n_IBUF
    SLICE_X0Y39          LUT1 (Prop_lut1_I0_O)        0.124     2.457 f  core_inst/regfile_inst/registers[1][31]_i_3/O
                         net (fo=450, routed)         4.045     6.503    core_inst/regfile_inst/rst_n
    SLICE_X13Y25         FDCE                                         f  core_inst/regfile_inst/registers_reg[22][8]/CLR
  -------------------------------------------------------------------    -------------------

                         (clock sys_clk rise edge)    0.000     0.000 r  
    M18                                               0.000     0.000 r  clk (IN)
                         net (fo=0)                   0.000     0.000    clk
    M18                  IBUF (Prop_ibuf_I_O)         0.805     0.805 r  clk_IBUF_inst/O
                         net (fo=1, routed)           1.868     2.673    clk_IBUF
    BUFGCTRL_X0Y0        BUFG (Prop_bufg_I_O)         0.091     2.764 r  clk_IBUF_BUFG_inst/O
                         net (fo=452, routed)         1.433     4.197    core_inst/regfile_inst/clk_IBUF_BUFG
    SLICE_X13Y25         FDCE                                         r  core_inst/regfile_inst/registers_reg[22][8]/C

Slack:                    inf
  Source:                 rst_n
                            (input port)
  Destination:            core_inst/regfile_inst/registers_reg[22][9]/CLR
                            (recovery check against rising-edge clock sys_clk  {rise@0.000ns fall@7.500ns period=15.000ns})
  Path Group:             (none)
  Path Type:              Recovery (Max at Slow Process Corner)
  Data Path Delay:        6.503ns  (logic 1.078ns (16.577%)  route 5.425ns (83.423%))
  Logic Levels:           2  (IBUF=1 LUT1=1)
  Clock Path Skew:        4.197ns (DCD - SCD + CPR)
    Destination Clock Delay (DCD):    4.197ns
    Source Clock Delay      (SCD):    0.000ns
    Clock Pessimism Removal (CPR):    0.000ns
  Clock Uncertainty:      0.025ns  ((TSJ^2 + TIJ^2)^1/2 + DJ) / 2 + PE
    Total System Jitter     (TSJ):    0.050ns
    Total Input Jitter      (TIJ):    0.000ns
    Discrete Jitter          (DJ):    0.000ns
    Phase Error              (PE):    0.000ns
  Timing Exception:       False Path

    Location             Delay type                Incr(ns)  Path(ns)    Netlist Resource(s)
  -------------------------------------------------------------------    -------------------
    G19                                               0.000     0.000 r  rst_n (IN)
                         net (fo=0)                   0.000     0.000    rst_n
    G19                  IBUF (Prop_ibuf_I_O)         0.954     0.954 r  rst_n_IBUF_inst/O
                         net (fo=1, routed)           1.379     2.333    core_inst/regfile_inst/rst_n_IBUF
    SLICE_X0Y39          LUT1 (Prop_lut1_I0_O)        0.124     2.457 f  core_inst/regfile_inst/registers[1][31]_i_3/O
                         net (fo=450, routed)         4.045     6.503    core_inst/regfile_inst/rst_n
    SLICE_X13Y25         FDCE                                         f  core_inst/regfile_inst/registers_reg[22][9]/CLR
  -------------------------------------------------------------------    -------------------

                         (clock sys_clk rise edge)    0.000     0.000 r  
    M18                                               0.000     0.000 r  clk (IN)
                         net (fo=0)                   0.000     0.000    clk
    M18                  IBUF (Prop_ibuf_I_O)         0.805     0.805 r  clk_IBUF_inst/O
                         net (fo=1, routed)           1.868     2.673    clk_IBUF
    BUFGCTRL_X0Y0        BUFG (Prop_bufg_I_O)         0.091     2.764 r  clk_IBUF_BUFG_inst/O
                         net (fo=452, routed)         1.433     4.197    core_inst/regfile_inst/clk_IBUF_BUFG
    SLICE_X13Y25         FDCE                                         r  core_inst/regfile_inst/registers_reg[22][9]/C

Slack:                    inf
  Source:                 rst_n
                            (input port)
  Destination:            core_inst/regfile_inst/registers_reg[23][4]/CLR
                            (recovery check against rising-edge clock sys_clk  {rise@0.000ns fall@7.500ns period=15.000ns})
  Path Group:             (none)
  Path Type:              Recovery (Max at Slow Process Corner)
  Data Path Delay:        6.503ns  (logic 1.078ns (16.577%)  route 5.425ns (83.423%))
  Logic Levels:           2  (IBUF=1 LUT1=1)
  Clock Path Skew:        4.197ns (DCD - SCD + CPR)
    Destination Clock Delay (DCD):    4.197ns
    Source Clock Delay      (SCD):    0.000ns
    Clock Pessimism Removal (CPR):    0.000ns
  Clock Uncertainty:      0.025ns  ((TSJ^2 + TIJ^2)^1/2 + DJ) / 2 + PE
    Total System Jitter     (TSJ):    0.050ns
    Total Input Jitter      (TIJ):    0.000ns
    Discrete Jitter          (DJ):    0.000ns
    Phase Error              (PE):    0.000ns
  Timing Exception:       False Path

    Location             Delay type                Incr(ns)  Path(ns)    Netlist Resource(s)
  -------------------------------------------------------------------    -------------------
    G19                                               0.000     0.000 r  rst_n (IN)
                         net (fo=0)                   0.000     0.000    rst_n
    G19                  IBUF (Prop_ibuf_I_O)         0.954     0.954 r  rst_n_IBUF_inst/O
                         net (fo=1, routed)           1.379     2.333    core_inst/regfile_inst/rst_n_IBUF
    SLICE_X0Y39          LUT1 (Prop_lut1_I0_O)        0.124     2.457 f  core_inst/regfile_inst/registers[1][31]_i_3/O
                         net (fo=450, routed)         4.045     6.503    core_inst/regfile_inst/rst_n
    SLICE_X12Y25         FDCE                                         f  core_inst/regfile_inst/registers_reg[23][4]/CLR
  -------------------------------------------------------------------    -------------------

                         (clock sys_clk rise edge)    0.000     0.000 r  
    M18                                               0.000     0.000 r  clk (IN)
                         net (fo=0)                   0.000     0.000    clk
    M18                  IBUF (Prop_ibuf_I_O)         0.805     0.805 r  clk_IBUF_inst/O
                         net (fo=1, routed)           1.868     2.673    clk_IBUF
    BUFGCTRL_X0Y0        BUFG (Prop_bufg_I_O)         0.091     2.764 r  clk_IBUF_BUFG_inst/O
                         net (fo=452, routed)         1.433     4.197    core_inst/regfile_inst/clk_IBUF_BUFG
    SLICE_X12Y25         FDCE                                         r  core_inst/regfile_inst/registers_reg[23][4]/C

Slack:                    inf
  Source:                 rst_n
                            (input port)
  Destination:            core_inst/regfile_inst/registers_reg[23][13]/CLR
                            (recovery check against rising-edge clock sys_clk  {rise@0.000ns fall@7.500ns period=15.000ns})
  Path Group:             (none)
  Path Type:              Recovery (Max at Slow Process Corner)
  Data Path Delay:        6.254ns  (logic 1.078ns (17.235%)  route 5.176ns (82.765%))
  Logic Levels:           2  (IBUF=1 LUT1=1)
  Clock Path Skew:        4.202ns (DCD - SCD + CPR)
    Destination Clock Delay (DCD):    4.202ns
    Source Clock Delay      (SCD):    0.000ns
    Clock Pessimism Removal (CPR):    0.000ns
  Clock Uncertainty:      0.025ns  ((TSJ^2 + TIJ^2)^1/2 + DJ) / 2 + PE
    Total System Jitter     (TSJ):    0.050ns
    Total Input Jitter      (TIJ):    0.000ns
    Discrete Jitter          (DJ):    0.000ns
    Phase Error              (PE):    0.000ns
  Timing Exception:       False Path

    Location             Delay type                Incr(ns)  Path(ns)    Netlist Resource(s)
  -------------------------------------------------------------------    -------------------
    G19                                               0.000     0.000 r  rst_n (IN)
                         net (fo=0)                   0.000     0.000    rst_n
    G19                  IBUF (Prop_ibuf_I_O)         0.954     0.954 r  rst_n_IBUF_inst/O
                         net (fo=1, routed)           1.379     2.333    core_inst/regfile_inst/rst_n_IBUF
    SLICE_X0Y39          LUT1 (Prop_lut1_I0_O)        0.124     2.457 f  core_inst/regfile_inst/registers[1][31]_i_3/O
                         net (fo=450, routed)         3.797     6.254    core_inst/regfile_inst/rst_n
    SLICE_X12Y28         FDCE                                         f  core_inst/regfile_inst/registers_reg[23][13]/CLR
  -------------------------------------------------------------------    -------------------

                         (clock sys_clk rise edge)    0.000     0.000 r  
    M18                                               0.000     0.000 r  clk (IN)
                         net (fo=0)                   0.000     0.000    clk
    M18                  IBUF (Prop_ibuf_I_O)         0.805     0.805 r  clk_IBUF_inst/O
                         net (fo=1, routed)           1.868     2.673    clk_IBUF
    BUFGCTRL_X0Y0        BUFG (Prop_bufg_I_O)         0.091     2.764 r  clk_IBUF_BUFG_inst/O
                         net (fo=452, routed)         1.438     4.202    core_inst/regfile_inst/clk_IBUF_BUFG
    SLICE_X12Y28         FDCE                                         r  core_inst/regfile_inst/registers_reg[23][13]/C

Slack:                    inf
  Source:                 rst_n
                            (input port)
  Destination:            core_inst/regfile_inst/registers_reg[8][11]/CLR
                            (recovery check against rising-edge clock sys_clk  {rise@0.000ns fall@7.500ns period=15.000ns})
  Path Group:             (none)
  Path Type:              Recovery (Max at Slow Process Corner)
  Data Path Delay:        6.254ns  (logic 1.078ns (17.235%)  route 5.176ns (82.765%))
  Logic Levels:           2  (IBUF=1 LUT1=1)
  Clock Path Skew:        4.202ns (DCD - SCD + CPR)
    Destination Clock Delay (DCD):    4.202ns
    Source Clock Delay      (SCD):    0.000ns
    Clock Pessimism Removal (CPR):    0.000ns
  Clock Uncertainty:      0.025ns  ((TSJ^2 + TIJ^2)^1/2 + DJ) / 2 + PE
    Total System Jitter     (TSJ):    0.050ns
    Total Input Jitter      (TIJ):    0.000ns
    Discrete Jitter          (DJ):    0.000ns
    Phase Error              (PE):    0.000ns
  Timing Exception:       False Path

    Location             Delay type                Incr(ns)  Path(ns)    Netlist Resource(s)
  -------------------------------------------------------------------    -------------------
    G19                                               0.000     0.000 r  rst_n (IN)
                         net (fo=0)                   0.000     0.000    rst_n
    G19                  IBUF (Prop_ibuf_I_O)         0.954     0.954 r  rst_n_IBUF_inst/O
                         net (fo=1, routed)           1.379     2.333    core_inst/regfile_inst/rst_n_IBUF
    SLICE_X0Y39          LUT1 (Prop_lut1_I0_O)        0.124     2.457 f  core_inst/regfile_inst/registers[1][31]_i_3/O
                         net (fo=450, routed)         3.797     6.254    core_inst/regfile_inst/rst_n
    SLICE_X13Y28         FDCE                                         f  core_inst/regfile_inst/registers_reg[8][11]/CLR
  -------------------------------------------------------------------    -------------------

                         (clock sys_clk rise edge)    0.000     0.000 r  
    M18                                               0.000     0.000 r  clk (IN)
                         net (fo=0)                   0.000     0.000    clk
    M18                  IBUF (Prop_ibuf_I_O)         0.805     0.805 r  clk_IBUF_inst/O
                         net (fo=1, routed)           1.868     2.673    clk_IBUF
    BUFGCTRL_X0Y0        BUFG (Prop_bufg_I_O)         0.091     2.764 r  clk_IBUF_BUFG_inst/O
                         net (fo=452, routed)         1.438     4.202    core_inst/regfile_inst/clk_IBUF_BUFG
    SLICE_X13Y28         FDCE                                         r  core_inst/regfile_inst/registers_reg[8][11]/C

Slack:                    inf
  Source:                 rst_n
                            (input port)
  Destination:            core_inst/regfile_inst/registers_reg[8][12]/CLR
                            (recovery check against rising-edge clock sys_clk  {rise@0.000ns fall@7.500ns period=15.000ns})
  Path Group:             (none)
  Path Type:              Recovery (Max at Slow Process Corner)
  Data Path Delay:        6.254ns  (logic 1.078ns (17.235%)  route 5.176ns (82.765%))
  Logic Levels:           2  (IBUF=1 LUT1=1)
  Clock Path Skew:        4.202ns (DCD - SCD + CPR)
    Destination Clock Delay (DCD):    4.202ns
    Source Clock Delay      (SCD):    0.000ns
    Clock Pessimism Removal (CPR):    0.000ns
  Clock Uncertainty:      0.025ns  ((TSJ^2 + TIJ^2)^1/2 + DJ) / 2 + PE
    Total System Jitter     (TSJ):    0.050ns
    Total Input Jitter      (TIJ):    0.000ns
    Discrete Jitter          (DJ):    0.000ns
    Phase Error              (PE):    0.000ns
  Timing Exception:       False Path

    Location             Delay type                Incr(ns)  Path(ns)    Netlist Resource(s)
  -------------------------------------------------------------------    -------------------
    G19                                               0.000     0.000 r  rst_n (IN)
                         net (fo=0)                   0.000     0.000    rst_n
    G19                  IBUF (Prop_ibuf_I_O)         0.954     0.954 r  rst_n_IBUF_inst/O
                         net (fo=1, routed)           1.379     2.333    core_inst/regfile_inst/rst_n_IBUF
    SLICE_X0Y39          LUT1 (Prop_lut1_I0_O)        0.124     2.457 f  core_inst/regfile_inst/registers[1][31]_i_3/O
                         net (fo=450, routed)         3.797     6.254    core_inst/regfile_inst/rst_n
    SLICE_X13Y28         FDCE                                         f  core_inst/regfile_inst/registers_reg[8][12]/CLR
  -------------------------------------------------------------------    -------------------

                         (clock sys_clk rise edge)    0.000     0.000 r  
    M18                                               0.000     0.000 r  clk (IN)
                         net (fo=0)                   0.000     0.000    clk
    M18                  IBUF (Prop_ibuf_I_O)         0.805     0.805 r  clk_IBUF_inst/O
                         net (fo=1, routed)           1.868     2.673    clk_IBUF
    BUFGCTRL_X0Y0        BUFG (Prop_bufg_I_O)         0.091     2.764 r  clk_IBUF_BUFG_inst/O
                         net (fo=452, routed)         1.438     4.202    core_inst/regfile_inst/clk_IBUF_BUFG
    SLICE_X13Y28         FDCE                                         r  core_inst/regfile_inst/registers_reg[8][12]/C

Slack:                    inf
  Source:                 rst_n
                            (input port)
  Destination:            core_inst/regfile_inst/registers_reg[8][13]/CLR
                            (recovery check against rising-edge clock sys_clk  {rise@0.000ns fall@7.500ns period=15.000ns})
  Path Group:             (none)
  Path Type:              Recovery (Max at Slow Process Corner)
  Data Path Delay:        6.254ns  (logic 1.078ns (17.235%)  route 5.176ns (82.765%))
  Logic Levels:           2  (IBUF=1 LUT1=1)
  Clock Path Skew:        4.202ns (DCD - SCD + CPR)
    Destination Clock Delay (DCD):    4.202ns
    Source Clock Delay      (SCD):    0.000ns
    Clock Pessimism Removal (CPR):    0.000ns
  Clock Uncertainty:      0.025ns  ((TSJ^2 + TIJ^2)^1/2 + DJ) / 2 + PE
    Total System Jitter     (TSJ):    0.050ns
    Total Input Jitter      (TIJ):    0.000ns
    Discrete Jitter          (DJ):    0.000ns
    Phase Error              (PE):    0.000ns
  Timing Exception:       False Path

    Location             Delay type                Incr(ns)  Path(ns)    Netlist Resource(s)
  -------------------------------------------------------------------    -------------------
    G19                                               0.000     0.000 r  rst_n (IN)
                         net (fo=0)                   0.000     0.000    rst_n
    G19                  IBUF (Prop_ibuf_I_O)         0.954     0.954 r  rst_n_IBUF_inst/O
                         net (fo=1, routed)           1.379     2.333    core_inst/regfile_inst/rst_n_IBUF
    SLICE_X0Y39          LUT1 (Prop_lut1_I0_O)        0.124     2.457 f  core_inst/regfile_inst/registers[1][31]_i_3/O
                         net (fo=450, routed)         3.797     6.254    core_inst/regfile_inst/rst_n
    SLICE_X13Y28         FDCE                                         f  core_inst/regfile_inst/registers_reg[8][13]/CLR
  -------------------------------------------------------------------    -------------------

                         (clock sys_clk rise edge)    0.000     0.000 r  
    M18                                               0.000     0.000 r  clk (IN)
                         net (fo=0)                   0.000     0.000    clk
    M18                  IBUF (Prop_ibuf_I_O)         0.805     0.805 r  clk_IBUF_inst/O
                         net (fo=1, routed)           1.868     2.673    clk_IBUF
    BUFGCTRL_X0Y0        BUFG (Prop_bufg_I_O)         0.091     2.764 r  clk_IBUF_BUFG_inst/O
                         net (fo=452, routed)         1.438     4.202    core_inst/regfile_inst/clk_IBUF_BUFG
    SLICE_X13Y28         FDCE                                         r  core_inst/regfile_inst/registers_reg[8][13]/C





Min Delay Paths
--------------------------------------------------------------------------------------
Slack:                    inf
  Source:                 rst_n
                            (input port)
  Destination:            bridge_inst/FSM_onehot_state_reg[0]/PRE
                            (removal check against rising-edge clock sys_clk  {rise@0.000ns fall@7.500ns period=15.000ns})
  Path Group:             (none)
  Path Type:              Removal (Min at Fast Process Corner)
  Data Path Delay:        1.016ns  (logic 0.228ns (22.420%)  route 0.789ns (77.580%))
  Logic Levels:           2  (IBUF=1 LUT1=1)
  Clock Path Skew:        1.930ns (DCD - SCD - CPR)
    Destination Clock Delay (DCD):    1.930ns
    Source Clock Delay      (SCD):    0.000ns
    Clock Pessimism Removal (CPR):    -0.000ns
  Timing Exception:       False Path

    Location             Delay type                Incr(ns)  Path(ns)    Netlist Resource(s)
  -------------------------------------------------------------------    -------------------
    G19                                               0.000     0.000 r  rst_n (IN)
                         net (fo=0)                   0.000     0.000    rst_n
    G19                  IBUF (Prop_ibuf_I_O)         0.183     0.183 r  rst_n_IBUF_inst/O
                         net (fo=1, routed)           0.506     0.689    core_inst/regfile_inst/rst_n_IBUF
    SLICE_X0Y39          LUT1 (Prop_lut1_I0_O)        0.045     0.734 f  core_inst/regfile_inst/registers[1][31]_i_3/O
                         net (fo=450, routed)         0.282     1.016    bridge_inst/m_ahb_haddr_reg[0]_0
    SLICE_X5Y33          FDPE                                         f  bridge_inst/FSM_onehot_state_reg[0]/PRE
  -------------------------------------------------------------------    -------------------

                         (clock sys_clk rise edge)    0.000     0.000 r  
    M18                                               0.000     0.000 r  clk (IN)
                         net (fo=0)                   0.000     0.000    clk
    M18                  IBUF (Prop_ibuf_I_O)         0.356     0.356 r  clk_IBUF_inst/O
                         net (fo=1, routed)           0.689     1.044    clk_IBUF
    BUFGCTRL_X0Y0        BUFG (Prop_bufg_I_O)         0.029     1.073 r  clk_IBUF_BUFG_inst/O
                         net (fo=452, routed)         0.857     1.930    bridge_inst/clk_IBUF_BUFG
    SLICE_X5Y33          FDPE                                         r  bridge_inst/FSM_onehot_state_reg[0]/C

Slack:                    inf
  Source:                 rst_n
                            (input port)
  Destination:            bridge_inst/FSM_onehot_state_reg[1]/CLR
                            (removal check against rising-edge clock sys_clk  {rise@0.000ns fall@7.500ns period=15.000ns})
  Path Group:             (none)
  Path Type:              Removal (Min at Fast Process Corner)
  Data Path Delay:        1.016ns  (logic 0.228ns (22.420%)  route 0.789ns (77.580%))
  Logic Levels:           2  (IBUF=1 LUT1=1)
  Clock Path Skew:        1.930ns (DCD - SCD - CPR)
    Destination Clock Delay (DCD):    1.930ns
    Source Clock Delay      (SCD):    0.000ns
    Clock Pessimism Removal (CPR):    -0.000ns
  Timing Exception:       False Path

    Location             Delay type                Incr(ns)  Path(ns)    Netlist Resource(s)
  -------------------------------------------------------------------    -------------------
    G19                                               0.000     0.000 r  rst_n (IN)
                         net (fo=0)                   0.000     0.000    rst_n
    G19                  IBUF (Prop_ibuf_I_O)         0.183     0.183 r  rst_n_IBUF_inst/O
                         net (fo=1, routed)           0.506     0.689    core_inst/regfile_inst/rst_n_IBUF
    SLICE_X0Y39          LUT1 (Prop_lut1_I0_O)        0.045     0.734 f  core_inst/regfile_inst/registers[1][31]_i_3/O
                         net (fo=450, routed)         0.282     1.016    bridge_inst/m_ahb_haddr_reg[0]_0
    SLICE_X5Y33          FDCE                                         f  bridge_inst/FSM_onehot_state_reg[1]/CLR
  -------------------------------------------------------------------    -------------------

                         (clock sys_clk rise edge)    0.000     0.000 r  
    M18                                               0.000     0.000 r  clk (IN)
                         net (fo=0)                   0.000     0.000    clk
    M18                  IBUF (Prop_ibuf_I_O)         0.356     0.356 r  clk_IBUF_inst/O
                         net (fo=1, routed)           0.689     1.044    clk_IBUF
    BUFGCTRL_X0Y0        BUFG (Prop_bufg_I_O)         0.029     1.073 r  clk_IBUF_BUFG_inst/O
                         net (fo=452, routed)         0.857     1.930    bridge_inst/clk_IBUF_BUFG
    SLICE_X5Y33          FDCE                                         r  bridge_inst/FSM_onehot_state_reg[1]/C

Slack:                    inf
  Source:                 rst_n
                            (input port)
  Destination:            bridge_inst/FSM_onehot_state_reg[2]/CLR
                            (removal check against rising-edge clock sys_clk  {rise@0.000ns fall@7.500ns period=15.000ns})
  Path Group:             (none)
  Path Type:              Removal (Min at Fast Process Corner)
  Data Path Delay:        1.016ns  (logic 0.228ns (22.420%)  route 0.789ns (77.580%))
  Logic Levels:           2  (IBUF=1 LUT1=1)
  Clock Path Skew:        1.930ns (DCD - SCD - CPR)
    Destination Clock Delay (DCD):    1.930ns
    Source Clock Delay      (SCD):    0.000ns
    Clock Pessimism Removal (CPR):    -0.000ns
  Timing Exception:       False Path

    Location             Delay type                Incr(ns)  Path(ns)    Netlist Resource(s)
  -------------------------------------------------------------------    -------------------
    G19                                               0.000     0.000 r  rst_n (IN)
                         net (fo=0)                   0.000     0.000    rst_n
    G19                  IBUF (Prop_ibuf_I_O)         0.183     0.183 r  rst_n_IBUF_inst/O
                         net (fo=1, routed)           0.506     0.689    core_inst/regfile_inst/rst_n_IBUF
    SLICE_X0Y39          LUT1 (Prop_lut1_I0_O)        0.045     0.734 f  core_inst/regfile_inst/registers[1][31]_i_3/O
                         net (fo=450, routed)         0.282     1.016    bridge_inst/m_ahb_haddr_reg[0]_0
    SLICE_X5Y33          FDCE                                         f  bridge_inst/FSM_onehot_state_reg[2]/CLR
  -------------------------------------------------------------------    -------------------

                         (clock sys_clk rise edge)    0.000     0.000 r  
    M18                                               0.000     0.000 r  clk (IN)
                         net (fo=0)                   0.000     0.000    clk
    M18                  IBUF (Prop_ibuf_I_O)         0.356     0.356 r  clk_IBUF_inst/O
                         net (fo=1, routed)           0.689     1.044    clk_IBUF
    BUFGCTRL_X0Y0        BUFG (Prop_bufg_I_O)         0.029     1.073 r  clk_IBUF_BUFG_inst/O
                         net (fo=452, routed)         0.857     1.930    bridge_inst/clk_IBUF_BUFG
    SLICE_X5Y33          FDCE                                         r  bridge_inst/FSM_onehot_state_reg[2]/C

Slack:                    inf
  Source:                 rst_n
                            (input port)
  Destination:            noc_inst/req_ready_reg/PRE
                            (removal check against rising-edge clock sys_clk  {rise@0.000ns fall@7.500ns period=15.000ns})
  Path Group:             (none)
  Path Type:              Removal (Min at Fast Process Corner)
  Data Path Delay:        1.021ns  (logic 0.228ns (22.324%)  route 0.793ns (77.676%))
  Logic Levels:           2  (IBUF=1 LUT1=1)
  Clock Path Skew:        1.930ns (DCD - SCD - CPR)
    Destination Clock Delay (DCD):    1.930ns
    Source Clock Delay      (SCD):    0.000ns
    Clock Pessimism Removal (CPR):    -0.000ns
  Timing Exception:       False Path

    Location             Delay type                Incr(ns)  Path(ns)    Netlist Resource(s)
  -------------------------------------------------------------------    -------------------
    G19                                               0.000     0.000 r  rst_n (IN)
                         net (fo=0)                   0.000     0.000    rst_n
    G19                  IBUF (Prop_ibuf_I_O)         0.183     0.183 r  rst_n_IBUF_inst/O
                         net (fo=1, routed)           0.506     0.689    core_inst/regfile_inst/rst_n_IBUF
    SLICE_X0Y39          LUT1 (Prop_lut1_I0_O)        0.045     0.734 f  core_inst/regfile_inst/registers[1][31]_i_3/O
                         net (fo=450, routed)         0.287     1.021    noc_inst/noc_tx_flit_reg[0]_0
    SLICE_X4Y33          FDPE                                         f  noc_inst/req_ready_reg/PRE
  -------------------------------------------------------------------    -------------------

                         (clock sys_clk rise edge)    0.000     0.000 r  
    M18                                               0.000     0.000 r  clk (IN)
                         net (fo=0)                   0.000     0.000    clk
    M18                  IBUF (Prop_ibuf_I_O)         0.356     0.356 r  clk_IBUF_inst/O
                         net (fo=1, routed)           0.689     1.044    clk_IBUF
    BUFGCTRL_X0Y0        BUFG (Prop_bufg_I_O)         0.029     1.073 r  clk_IBUF_BUFG_inst/O
                         net (fo=452, routed)         0.857     1.930    noc_inst/clk_IBUF_BUFG
    SLICE_X4Y33          FDPE                                         r  noc_inst/req_ready_reg/C

Slack:                    inf
  Source:                 rst_n
                            (input port)
  Destination:            noc_inst/noc_tx_flit_reg[31]/CLR
                            (removal check against rising-edge clock sys_clk  {rise@0.000ns fall@7.500ns period=15.000ns})
  Path Group:             (none)
  Path Type:              Removal (Min at Fast Process Corner)
  Data Path Delay:        1.023ns  (logic 0.228ns (22.266%)  route 0.796ns (77.734%))
  Logic Levels:           2  (IBUF=1 LUT1=1)
  Clock Path Skew:        1.931ns (DCD - SCD - CPR)
    Destination Clock Delay (DCD):    1.931ns
    Source Clock Delay      (SCD):    0.000ns
    Clock Pessimism Removal (CPR):    -0.000ns
  Timing Exception:       False Path

    Location             Delay type                Incr(ns)  Path(ns)    Netlist Resource(s)
  -------------------------------------------------------------------    -------------------
    G19                                               0.000     0.000 r  rst_n (IN)
                         net (fo=0)                   0.000     0.000    rst_n
    G19                  IBUF (Prop_ibuf_I_O)         0.183     0.183 r  rst_n_IBUF_inst/O
                         net (fo=1, routed)           0.506     0.689    core_inst/regfile_inst/rst_n_IBUF
    SLICE_X0Y39          LUT1 (Prop_lut1_I0_O)        0.045     0.734 f  core_inst/regfile_inst/registers[1][31]_i_3/O
                         net (fo=450, routed)         0.289     1.023    noc_inst/noc_tx_flit_reg[0]_0
    SLICE_X3Y32          FDCE                                         f  noc_inst/noc_tx_flit_reg[31]/CLR
  -------------------------------------------------------------------    -------------------

                         (clock sys_clk rise edge)    0.000     0.000 r  
    M18                                               0.000     0.000 r  clk (IN)
                         net (fo=0)                   0.000     0.000    clk
    M18                  IBUF (Prop_ibuf_I_O)         0.356     0.356 r  clk_IBUF_inst/O
                         net (fo=1, routed)           0.689     1.044    clk_IBUF
    BUFGCTRL_X0Y0        BUFG (Prop_bufg_I_O)         0.029     1.073 r  clk_IBUF_BUFG_inst/O
                         net (fo=452, routed)         0.858     1.931    noc_inst/clk_IBUF_BUFG
    SLICE_X3Y32          FDCE                                         r  noc_inst/noc_tx_flit_reg[31]/C

Slack:                    inf
  Source:                 rst_n
                            (input port)
  Destination:            noc_inst/noc_tx_flit_reg[33]/CLR
                            (removal check against rising-edge clock sys_clk  {rise@0.000ns fall@7.500ns period=15.000ns})
  Path Group:             (none)
  Path Type:              Removal (Min at Fast Process Corner)
  Data Path Delay:        1.023ns  (logic 0.228ns (22.266%)  route 0.796ns (77.734%))
  Logic Levels:           2  (IBUF=1 LUT1=1)
  Clock Path Skew:        1.931ns (DCD - SCD - CPR)
    Destination Clock Delay (DCD):    1.931ns
    Source Clock Delay      (SCD):    0.000ns
    Clock Pessimism Removal (CPR):    -0.000ns
  Timing Exception:       False Path

    Location             Delay type                Incr(ns)  Path(ns)    Netlist Resource(s)
  -------------------------------------------------------------------    -------------------
    G19                                               0.000     0.000 r  rst_n (IN)
                         net (fo=0)                   0.000     0.000    rst_n
    G19                  IBUF (Prop_ibuf_I_O)         0.183     0.183 r  rst_n_IBUF_inst/O
                         net (fo=1, routed)           0.506     0.689    core_inst/regfile_inst/rst_n_IBUF
    SLICE_X0Y39          LUT1 (Prop_lut1_I0_O)        0.045     0.734 f  core_inst/regfile_inst/registers[1][31]_i_3/O
                         net (fo=450, routed)         0.289     1.023    noc_inst/noc_tx_flit_reg[0]_0
    SLICE_X3Y32          FDCE                                         f  noc_inst/noc_tx_flit_reg[33]/CLR
  -------------------------------------------------------------------    -------------------

                         (clock sys_clk rise edge)    0.000     0.000 r  
    M18                                               0.000     0.000 r  clk (IN)
                         net (fo=0)                   0.000     0.000    clk
    M18                  IBUF (Prop_ibuf_I_O)         0.356     0.356 r  clk_IBUF_inst/O
                         net (fo=1, routed)           0.689     1.044    clk_IBUF
    BUFGCTRL_X0Y0        BUFG (Prop_bufg_I_O)         0.029     1.073 r  clk_IBUF_BUFG_inst/O
                         net (fo=452, routed)         0.858     1.931    noc_inst/clk_IBUF_BUFG
    SLICE_X3Y32          FDCE                                         r  noc_inst/noc_tx_flit_reg[33]/C

Slack:                    inf
  Source:                 rst_n
                            (input port)
  Destination:            noc_inst/noc_tx_flit_reg[34]/CLR
                            (removal check against rising-edge clock sys_clk  {rise@0.000ns fall@7.500ns period=15.000ns})
  Path Group:             (none)
  Path Type:              Removal (Min at Fast Process Corner)
  Data Path Delay:        1.023ns  (logic 0.228ns (22.266%)  route 0.796ns (77.734%))
  Logic Levels:           2  (IBUF=1 LUT1=1)
  Clock Path Skew:        1.931ns (DCD - SCD - CPR)
    Destination Clock Delay (DCD):    1.931ns
    Source Clock Delay      (SCD):    0.000ns
    Clock Pessimism Removal (CPR):    -0.000ns
  Timing Exception:       False Path

    Location             Delay type                Incr(ns)  Path(ns)    Netlist Resource(s)
  -------------------------------------------------------------------    -------------------
    G19                                               0.000     0.000 r  rst_n (IN)
                         net (fo=0)                   0.000     0.000    rst_n
    G19                  IBUF (Prop_ibuf_I_O)         0.183     0.183 r  rst_n_IBUF_inst/O
                         net (fo=1, routed)           0.506     0.689    core_inst/regfile_inst/rst_n_IBUF
    SLICE_X0Y39          LUT1 (Prop_lut1_I0_O)        0.045     0.734 f  core_inst/regfile_inst/registers[1][31]_i_3/O
                         net (fo=450, routed)         0.289     1.023    noc_inst/noc_tx_flit_reg[0]_0
    SLICE_X3Y32          FDCE                                         f  noc_inst/noc_tx_flit_reg[34]/CLR
  -------------------------------------------------------------------    -------------------

                         (clock sys_clk rise edge)    0.000     0.000 r  
    M18                                               0.000     0.000 r  clk (IN)
                         net (fo=0)                   0.000     0.000    clk
    M18                  IBUF (Prop_ibuf_I_O)         0.356     0.356 r  clk_IBUF_inst/O
                         net (fo=1, routed)           0.689     1.044    clk_IBUF
    BUFGCTRL_X0Y0        BUFG (Prop_bufg_I_O)         0.029     1.073 r  clk_IBUF_BUFG_inst/O
                         net (fo=452, routed)         0.858     1.931    noc_inst/clk_IBUF_BUFG
    SLICE_X3Y32          FDCE                                         r  noc_inst/noc_tx_flit_reg[34]/C

Slack:                    inf
  Source:                 rst_n
                            (input port)
  Destination:            uart_inst/baud_count_reg[25]/CLR
                            (removal check against rising-edge clock sys_clk  {rise@0.000ns fall@7.500ns period=15.000ns})
  Path Group:             (none)
  Path Type:              Removal (Min at Fast Process Corner)
  Data Path Delay:        1.025ns  (logic 0.228ns (22.242%)  route 0.797ns (77.758%))
  Logic Levels:           2  (IBUF=1 LUT1=1)
  Clock Path Skew:        1.930ns (DCD - SCD - CPR)
    Destination Clock Delay (DCD):    1.930ns
    Source Clock Delay      (SCD):    0.000ns
    Clock Pessimism Removal (CPR):    -0.000ns
  Timing Exception:       False Path

    Location             Delay type                Incr(ns)  Path(ns)    Netlist Resource(s)
  -------------------------------------------------------------------    -------------------
    G19                                               0.000     0.000 r  rst_n (IN)
                         net (fo=0)                   0.000     0.000    rst_n
    G19                  IBUF (Prop_ibuf_I_O)         0.183     0.183 r  rst_n_IBUF_inst/O
                         net (fo=1, routed)           0.506     0.689    core_inst/regfile_inst/rst_n_IBUF
    SLICE_X0Y39          LUT1 (Prop_lut1_I0_O)        0.045     0.734 f  core_inst/regfile_inst/registers[1][31]_i_3/O
                         net (fo=450, routed)         0.290     1.025    uart_inst/tx_reg_0
    SLICE_X1Y31          FDCE                                         f  uart_inst/baud_count_reg[25]/CLR
  -------------------------------------------------------------------    -------------------

                         (clock sys_clk rise edge)    0.000     0.000 r  
    M18                                               0.000     0.000 r  clk (IN)
                         net (fo=0)                   0.000     0.000    clk
    M18                  IBUF (Prop_ibuf_I_O)         0.356     0.356 r  clk_IBUF_inst/O
                         net (fo=1, routed)           0.689     1.044    clk_IBUF
    BUFGCTRL_X0Y0        BUFG (Prop_bufg_I_O)         0.029     1.073 r  clk_IBUF_BUFG_inst/O
                         net (fo=452, routed)         0.857     1.930    uart_inst/clk_IBUF_BUFG
    SLICE_X1Y31          FDCE                                         r  uart_inst/baud_count_reg[25]/C

Slack:                    inf
  Source:                 rst_n
                            (input port)
  Destination:            uart_inst/baud_count_reg[27]/CLR
                            (removal check against rising-edge clock sys_clk  {rise@0.000ns fall@7.500ns period=15.000ns})
  Path Group:             (none)
  Path Type:              Removal (Min at Fast Process Corner)
  Data Path Delay:        1.025ns  (logic 0.228ns (22.242%)  route 0.797ns (77.758%))
  Logic Levels:           2  (IBUF=1 LUT1=1)
  Clock Path Skew:        1.930ns (DCD - SCD - CPR)
    Destination Clock Delay (DCD):    1.930ns
    Source Clock Delay      (SCD):    0.000ns
    Clock Pessimism Removal (CPR):    -0.000ns
  Timing Exception:       False Path

    Location             Delay type                Incr(ns)  Path(ns)    Netlist Resource(s)
  -------------------------------------------------------------------    -------------------
    G19                                               0.000     0.000 r  rst_n (IN)
                         net (fo=0)                   0.000     0.000    rst_n
    G19                  IBUF (Prop_ibuf_I_O)         0.183     0.183 r  rst_n_IBUF_inst/O
                         net (fo=1, routed)           0.506     0.689    core_inst/regfile_inst/rst_n_IBUF
    SLICE_X0Y39          LUT1 (Prop_lut1_I0_O)        0.045     0.734 f  core_inst/regfile_inst/registers[1][31]_i_3/O
                         net (fo=450, routed)         0.290     1.025    uart_inst/tx_reg_0
    SLICE_X1Y31          FDCE                                         f  uart_inst/baud_count_reg[27]/CLR
  -------------------------------------------------------------------    -------------------

                         (clock sys_clk rise edge)    0.000     0.000 r  
    M18                                               0.000     0.000 r  clk (IN)
                         net (fo=0)                   0.000     0.000    clk
    M18                  IBUF (Prop_ibuf_I_O)         0.356     0.356 r  clk_IBUF_inst/O
                         net (fo=1, routed)           0.689     1.044    clk_IBUF
    BUFGCTRL_X0Y0        BUFG (Prop_bufg_I_O)         0.029     1.073 r  clk_IBUF_BUFG_inst/O
                         net (fo=452, routed)         0.857     1.930    uart_inst/clk_IBUF_BUFG
    SLICE_X1Y31          FDCE                                         r  uart_inst/baud_count_reg[27]/C

Slack:                    inf
  Source:                 rst_n
                            (input port)
  Destination:            uart_inst/baud_count_reg[28]/CLR
                            (removal check against rising-edge clock sys_clk  {rise@0.000ns fall@7.500ns period=15.000ns})
  Path Group:             (none)
  Path Type:              Removal (Min at Fast Process Corner)
  Data Path Delay:        1.067ns  (logic 0.228ns (21.348%)  route 0.840ns (78.652%))
  Logic Levels:           2  (IBUF=1 LUT1=1)
  Clock Path Skew:        1.930ns (DCD - SCD - CPR)
    Destination Clock Delay (DCD):    1.930ns
    Source Clock Delay      (SCD):    0.000ns
    Clock Pessimism Removal (CPR):    -0.000ns
  Timing Exception:       False Path

    Location             Delay type                Incr(ns)  Path(ns)    Netlist Resource(s)
  -------------------------------------------------------------------    -------------------
    G19                                               0.000     0.000 r  rst_n (IN)
                         net (fo=0)                   0.000     0.000    rst_n
    G19                  IBUF (Prop_ibuf_I_O)         0.183     0.183 r  rst_n_IBUF_inst/O
                         net (fo=1, routed)           0.506     0.689    core_inst/regfile_inst/rst_n_IBUF
    SLICE_X0Y39          LUT1 (Prop_lut1_I0_O)        0.045     0.734 f  core_inst/regfile_inst/registers[1][31]_i_3/O
                         net (fo=450, routed)         0.333     1.067    uart_inst/tx_reg_0
    SLICE_X3Y31          FDCE                                         f  uart_inst/baud_count_reg[28]/CLR
  -------------------------------------------------------------------    -------------------

                         (clock sys_clk rise edge)    0.000     0.000 r  
    M18                                               0.000     0.000 r  clk (IN)
                         net (fo=0)                   0.000     0.000    clk
    M18                  IBUF (Prop_ibuf_I_O)         0.356     0.356 r  clk_IBUF_inst/O
                         net (fo=1, routed)           0.689     1.044    clk_IBUF
    BUFGCTRL_X0Y0        BUFG (Prop_bufg_I_O)         0.029     1.073 r  clk_IBUF_BUFG_inst/O
                         net (fo=452, routed)         0.857     1.930    uart_inst/clk_IBUF_BUFG
    SLICE_X3Y31          FDCE                                         r  uart_inst/baud_count_reg[28]/C





--------------------------------------------------------------------------------------
Path Group:  (none)
From Clock:  sys_clk
  To Clock:  

Max Delay            36 Endpoints
Min Delay            36 Endpoints
--------------------------------------------------------------------------------------


Max Delay Paths
--------------------------------------------------------------------------------------
Slack:                    inf
  Source:                 noc_inst/noc_tx_flit_reg[3]/C
                            (rising edge-triggered cell FDCE clocked by sys_clk  {rise@0.000ns fall@7.500ns period=15.000ns})
  Destination:            noc_tx_flit[3]
                            (output port)
  Path Group:             (none)
  Path Type:              Max at Slow Process Corner
  Data Path Delay:        5.562ns  (logic 3.116ns (56.017%)  route 2.446ns (43.983%))
  Logic Levels:           1  (OBUF=1)
  Clock Uncertainty:      0.025ns  ((TSJ^2 + TIJ^2)^1/2 + DJ) / 2 + PE
    Total System Jitter     (TSJ):    0.050ns
    Total Input Jitter      (TIJ):    0.000ns
    Discrete Jitter          (DJ):    0.000ns
    Phase Error              (PE):    0.000ns

    Location             Delay type                Incr(ns)  Path(ns)    Netlist Resource(s)
  -------------------------------------------------------------------    -------------------
                         (clock sys_clk rise edge)    0.000     0.000 r  
    M18                                               0.000     0.000 r  clk (IN)
                         net (fo=0)                   0.000     0.000    clk
    M18                  IBUF (Prop_ibuf_I_O)         0.938     0.938 r  clk_IBUF_inst/O
                         net (fo=1, routed)           1.972     2.910    clk_IBUF
    BUFGCTRL_X0Y0        BUFG (Prop_bufg_I_O)         0.096     3.006 r  clk_IBUF_BUFG_inst/O
                         net (fo=452, routed)         1.615     4.621    noc_inst/clk_IBUF_BUFG
    SLICE_X6Y24          FDCE                                         r  noc_inst/noc_tx_flit_reg[3]/C
  -------------------------------------------------------------------    -------------------
    SLICE_X6Y24          FDCE (Prop_fdce_C_Q)         0.518     5.139 r  noc_inst/noc_tx_flit_reg[3]/Q
                         net (fo=1, routed)           2.446     7.585    noc_tx_flit_OBUF[3]
    W14                  OBUF (Prop_obuf_I_O)         2.598    10.183 r  noc_tx_flit_OBUF[3]_inst/O
                         net (fo=0)                   0.000    10.183    noc_tx_flit[3]
    W14                                                               r  noc_tx_flit[3] (OUT)
  -------------------------------------------------------------------    -------------------

Slack:                    inf
  Source:                 noc_inst/noc_tx_flit_reg[2]/C
                            (rising edge-triggered cell FDCE clocked by sys_clk  {rise@0.000ns fall@7.500ns period=15.000ns})
  Destination:            noc_tx_flit[2]
                            (output port)
  Path Group:             (none)
  Path Type:              Max at Slow Process Corner
  Data Path Delay:        5.460ns  (logic 3.125ns (57.245%)  route 2.334ns (42.755%))
  Logic Levels:           1  (OBUF=1)
  Clock Uncertainty:      0.025ns  ((TSJ^2 + TIJ^2)^1/2 + DJ) / 2 + PE
    Total System Jitter     (TSJ):    0.050ns
    Total Input Jitter      (TIJ):    0.000ns
    Discrete Jitter          (DJ):    0.000ns
    Phase Error              (PE):    0.000ns

    Location             Delay type                Incr(ns)  Path(ns)    Netlist Resource(s)
  -------------------------------------------------------------------    -------------------
                         (clock sys_clk rise edge)    0.000     0.000 r  
    M18                                               0.000     0.000 r  clk (IN)
                         net (fo=0)                   0.000     0.000    clk
    M18                  IBUF (Prop_ibuf_I_O)         0.938     0.938 r  clk_IBUF_inst/O
                         net (fo=1, routed)           1.972     2.910    clk_IBUF
    BUFGCTRL_X0Y0        BUFG (Prop_bufg_I_O)         0.096     3.006 r  clk_IBUF_BUFG_inst/O
                         net (fo=452, routed)         1.615     4.621    noc_inst/clk_IBUF_BUFG
    SLICE_X6Y24          FDCE                                         r  noc_inst/noc_tx_flit_reg[2]/C
  -------------------------------------------------------------------    -------------------
    SLICE_X6Y24          FDCE (Prop_fdce_C_Q)         0.518     5.139 r  noc_inst/noc_tx_flit_reg[2]/Q
                         net (fo=1, routed)           2.334     7.473    noc_tx_flit_OBUF[2]
    U15                  OBUF (Prop_obuf_I_O)         2.607    10.081 r  noc_tx_flit_OBUF[2]_inst/O
                         net (fo=0)                   0.000    10.081    noc_tx_flit[2]
    U15                                                               r  noc_tx_flit[2] (OUT)
  -------------------------------------------------------------------    -------------------

Slack:                    inf
  Source:                 noc_inst/noc_tx_flit_reg[1]/C
                            (rising edge-triggered cell FDCE clocked by sys_clk  {rise@0.000ns fall@7.500ns period=15.000ns})
  Destination:            noc_tx_flit[1]
                            (output port)
  Path Group:             (none)
  Path Type:              Max at Slow Process Corner
  Data Path Delay:        5.404ns  (logic 3.054ns (56.509%)  route 2.350ns (43.491%))
  Logic Levels:           1  (OBUF=1)
  Clock Uncertainty:      0.025ns  ((TSJ^2 + TIJ^2)^1/2 + DJ) / 2 + PE
    Total System Jitter     (TSJ):    0.050ns
    Total Input Jitter      (TIJ):    0.000ns
    Discrete Jitter          (DJ):    0.000ns
    Phase Error              (PE):    0.000ns

    Location             Delay type                Incr(ns)  Path(ns)    Netlist Resource(s)
  -------------------------------------------------------------------    -------------------
                         (clock sys_clk rise edge)    0.000     0.000 r  
    M18                                               0.000     0.000 r  clk (IN)
                         net (fo=0)                   0.000     0.000    clk
    M18                  IBUF (Prop_ibuf_I_O)         0.938     0.938 r  clk_IBUF_inst/O
                         net (fo=1, routed)           1.972     2.910    clk_IBUF
    BUFGCTRL_X0Y0        BUFG (Prop_bufg_I_O)         0.096     3.006 r  clk_IBUF_BUFG_inst/O
                         net (fo=452, routed)         1.615     4.621    noc_inst/clk_IBUF_BUFG
    SLICE_X4Y25          FDCE                                         r  noc_inst/noc_tx_flit_reg[1]/C
  -------------------------------------------------------------------    -------------------
    SLICE_X4Y25          FDCE (Prop_fdce_C_Q)         0.456     5.077 r  noc_inst/noc_tx_flit_reg[1]/Q
                         net (fo=1, routed)           2.350     7.427    noc_tx_flit_OBUF[1]
    U16                  OBUF (Prop_obuf_I_O)         2.598    10.025 r  noc_tx_flit_OBUF[1]_inst/O
                         net (fo=0)                   0.000    10.025    noc_tx_flit[1]
    U16                                                               r  noc_tx_flit[1] (OUT)
  -------------------------------------------------------------------    -------------------

Slack:                    inf
  Source:                 noc_inst/noc_tx_flit_reg[0]/C
                            (rising edge-triggered cell FDCE clocked by sys_clk  {rise@0.000ns fall@7.500ns period=15.000ns})
  Destination:            noc_tx_flit[0]
                            (output port)
  Path Group:             (none)
  Path Type:              Max at Slow Process Corner
  Data Path Delay:        5.394ns  (logic 3.053ns (56.604%)  route 2.341ns (43.396%))
  Logic Levels:           1  (OBUF=1)
  Clock Uncertainty:      0.025ns  ((TSJ^2 + TIJ^2)^1/2 + DJ) / 2 + PE
    Total System Jitter     (TSJ):    0.050ns
    Total Input Jitter      (TIJ):    0.000ns
    Discrete Jitter          (DJ):    0.000ns
    Phase Error              (PE):    0.000ns

    Location             Delay type                Incr(ns)  Path(ns)    Netlist Resource(s)
  -------------------------------------------------------------------    -------------------
                         (clock sys_clk rise edge)    0.000     0.000 r  
    M18                                               0.000     0.000 r  clk (IN)
                         net (fo=0)                   0.000     0.000    clk
    M18                  IBUF (Prop_ibuf_I_O)         0.938     0.938 r  clk_IBUF_inst/O
                         net (fo=1, routed)           1.972     2.910    clk_IBUF
    BUFGCTRL_X0Y0        BUFG (Prop_bufg_I_O)         0.096     3.006 r  clk_IBUF_BUFG_inst/O
                         net (fo=452, routed)         1.615     4.621    noc_inst/clk_IBUF_BUFG
    SLICE_X4Y24          FDCE                                         r  noc_inst/noc_tx_flit_reg[0]/C
  -------------------------------------------------------------------    -------------------
    SLICE_X4Y24          FDCE (Prop_fdce_C_Q)         0.456     5.077 r  noc_inst/noc_tx_flit_reg[0]/Q
                         net (fo=1, routed)           2.341     7.418    noc_tx_flit_OBUF[0]
    V13                  OBUF (Prop_obuf_I_O)         2.597    10.015 r  noc_tx_flit_OBUF[0]_inst/O
                         net (fo=0)                   0.000    10.015    noc_tx_flit[0]
    V13                                                               r  noc_tx_flit[0] (OUT)
  -------------------------------------------------------------------    -------------------

Slack:                    inf
  Source:                 noc_inst/noc_tx_flit_reg[5]/C
                            (rising edge-triggered cell FDCE clocked by sys_clk  {rise@0.000ns fall@7.500ns period=15.000ns})
  Destination:            noc_tx_flit[5]
                            (output port)
  Path Group:             (none)
  Path Type:              Max at Slow Process Corner
  Data Path Delay:        5.385ns  (logic 3.055ns (56.722%)  route 2.331ns (43.278%))
  Logic Levels:           1  (OBUF=1)
  Clock Uncertainty:      0.025ns  ((TSJ^2 + TIJ^2)^1/2 + DJ) / 2 + PE
    Total System Jitter     (TSJ):    0.050ns
    Total Input Jitter      (TIJ):    0.000ns
    Discrete Jitter          (DJ):    0.000ns
    Phase Error              (PE):    0.000ns

    Location             Delay type                Incr(ns)  Path(ns)    Netlist Resource(s)
  -------------------------------------------------------------------    -------------------
                         (clock sys_clk rise edge)    0.000     0.000 r  
    M18                                               0.000     0.000 r  clk (IN)
                         net (fo=0)                   0.000     0.000    clk
    M18                  IBUF (Prop_ibuf_I_O)         0.938     0.938 r  clk_IBUF_inst/O
                         net (fo=1, routed)           1.972     2.910    clk_IBUF
    BUFGCTRL_X0Y0        BUFG (Prop_bufg_I_O)         0.096     3.006 r  clk_IBUF_BUFG_inst/O
                         net (fo=452, routed)         1.615     4.621    noc_inst/clk_IBUF_BUFG
    SLICE_X4Y25          FDCE                                         r  noc_inst/noc_tx_flit_reg[5]/C
  -------------------------------------------------------------------    -------------------
    SLICE_X4Y25          FDCE (Prop_fdce_C_Q)         0.456     5.077 r  noc_inst/noc_tx_flit_reg[5]/Q
                         net (fo=1, routed)           2.331     7.407    noc_tx_flit_OBUF[5]
    W15                  OBUF (Prop_obuf_I_O)         2.599    10.006 r  noc_tx_flit_OBUF[5]_inst/O
                         net (fo=0)                   0.000    10.006    noc_tx_flit[5]
    W15                                                               r  noc_tx_flit[5] (OUT)
  -------------------------------------------------------------------    -------------------

Slack:                    inf
  Source:                 noc_inst/noc_tx_flit_reg[8]/C
                            (rising edge-triggered cell FDCE clocked by sys_clk  {rise@0.000ns fall@7.500ns period=15.000ns})
  Destination:            noc_tx_flit[8]
                            (output port)
  Path Group:             (none)
  Path Type:              Max at Slow Process Corner
  Data Path Delay:        5.379ns  (logic 3.130ns (58.187%)  route 2.249ns (41.813%))
  Logic Levels:           1  (OBUF=1)
  Clock Uncertainty:      0.025ns  ((TSJ^2 + TIJ^2)^1/2 + DJ) / 2 + PE
    Total System Jitter     (TSJ):    0.050ns
    Total Input Jitter      (TIJ):    0.000ns
    Discrete Jitter          (DJ):    0.000ns
    Phase Error              (PE):    0.000ns

    Location             Delay type                Incr(ns)  Path(ns)    Netlist Resource(s)
  -------------------------------------------------------------------    -------------------
                         (clock sys_clk rise edge)    0.000     0.000 r  
    M18                                               0.000     0.000 r  clk (IN)
                         net (fo=0)                   0.000     0.000    clk
    M18                  IBUF (Prop_ibuf_I_O)         0.938     0.938 r  clk_IBUF_inst/O
                         net (fo=1, routed)           1.972     2.910    clk_IBUF
    BUFGCTRL_X0Y0        BUFG (Prop_bufg_I_O)         0.096     3.006 r  clk_IBUF_BUFG_inst/O
                         net (fo=452, routed)         1.615     4.621    noc_inst/clk_IBUF_BUFG
    SLICE_X6Y24          FDCE                                         r  noc_inst/noc_tx_flit_reg[8]/C
  -------------------------------------------------------------------    -------------------
    SLICE_X6Y24          FDCE (Prop_fdce_C_Q)         0.518     5.139 r  noc_inst/noc_tx_flit_reg[8]/Q
                         net (fo=1, routed)           2.249     7.388    noc_tx_flit_OBUF[8]
    W16                  OBUF (Prop_obuf_I_O)         2.612     9.999 r  noc_tx_flit_OBUF[8]_inst/O
                         net (fo=0)                   0.000     9.999    noc_tx_flit[8]
    W16                                                               r  noc_tx_flit[8] (OUT)
  -------------------------------------------------------------------    -------------------

Slack:                    inf
  Source:                 noc_inst/noc_tx_flit_reg[6]/C
                            (rising edge-triggered cell FDCE clocked by sys_clk  {rise@0.000ns fall@7.500ns period=15.000ns})
  Destination:            noc_tx_flit[6]
                            (output port)
  Path Group:             (none)
  Path Type:              Max at Slow Process Corner
  Data Path Delay:        5.343ns  (logic 3.070ns (57.458%)  route 2.273ns (42.542%))
  Logic Levels:           1  (OBUF=1)
  Clock Uncertainty:      0.025ns  ((TSJ^2 + TIJ^2)^1/2 + DJ) / 2 + PE
    Total System Jitter     (TSJ):    0.050ns
    Total Input Jitter      (TIJ):    0.000ns
    Discrete Jitter          (DJ):    0.000ns
    Phase Error              (PE):    0.000ns

    Location             Delay type                Incr(ns)  Path(ns)    Netlist Resource(s)
  -------------------------------------------------------------------    -------------------
                         (clock sys_clk rise edge)    0.000     0.000 r  
    M18                                               0.000     0.000 r  clk (IN)
                         net (fo=0)                   0.000     0.000    clk
    M18                  IBUF (Prop_ibuf_I_O)         0.938     0.938 r  clk_IBUF_inst/O
                         net (fo=1, routed)           1.972     2.910    clk_IBUF
    BUFGCTRL_X0Y0        BUFG (Prop_bufg_I_O)         0.096     3.006 r  clk_IBUF_BUFG_inst/O
                         net (fo=452, routed)         1.615     4.621    noc_inst/clk_IBUF_BUFG
    SLICE_X5Y24          FDCE                                         r  noc_inst/noc_tx_flit_reg[6]/C
  -------------------------------------------------------------------    -------------------
    SLICE_X5Y24          FDCE (Prop_fdce_C_Q)         0.456     5.077 r  noc_inst/noc_tx_flit_reg[6]/Q
                         net (fo=1, routed)           2.273     7.350    noc_tx_flit_OBUF[6]
    V15                  OBUF (Prop_obuf_I_O)         2.614     9.964 r  noc_tx_flit_OBUF[6]_inst/O
                         net (fo=0)                   0.000     9.964    noc_tx_flit[6]
    V15                                                               r  noc_tx_flit[6] (OUT)
  -------------------------------------------------------------------    -------------------

Slack:                    inf
  Source:                 noc_inst/noc_tx_flit_reg[4]/C
                            (rising edge-triggered cell FDCE clocked by sys_clk  {rise@0.000ns fall@7.500ns period=15.000ns})
  Destination:            noc_tx_flit[4]
                            (output port)
  Path Group:             (none)
  Path Type:              Max at Slow Process Corner
  Data Path Delay:        5.342ns  (logic 3.063ns (57.332%)  route 2.279ns (42.668%))
  Logic Levels:           1  (OBUF=1)
  Clock Uncertainty:      0.025ns  ((TSJ^2 + TIJ^2)^1/2 + DJ) / 2 + PE
    Total System Jitter     (TSJ):    0.050ns
    Total Input Jitter      (TIJ):    0.000ns
    Discrete Jitter          (DJ):    0.000ns
    Phase Error              (PE):    0.000ns

    Location             Delay type                Incr(ns)  Path(ns)    Netlist Resource(s)
  -------------------------------------------------------------------    -------------------
                         (clock sys_clk rise edge)    0.000     0.000 r  
    M18                                               0.000     0.000 r  clk (IN)
                         net (fo=0)                   0.000     0.000    clk
    M18                  IBUF (Prop_ibuf_I_O)         0.938     0.938 r  clk_IBUF_inst/O
                         net (fo=1, routed)           1.972     2.910    clk_IBUF
    BUFGCTRL_X0Y0        BUFG (Prop_bufg_I_O)         0.096     3.006 r  clk_IBUF_BUFG_inst/O
                         net (fo=452, routed)         1.615     4.621    noc_inst/clk_IBUF_BUFG
    SLICE_X5Y24          FDCE                                         r  noc_inst/noc_tx_flit_reg[4]/C
  -------------------------------------------------------------------    -------------------
    SLICE_X5Y24          FDCE (Prop_fdce_C_Q)         0.456     5.077 r  noc_inst/noc_tx_flit_reg[4]/Q
                         net (fo=1, routed)           2.279     7.356    noc_tx_flit_OBUF[4]
    W13                  OBUF (Prop_obuf_I_O)         2.607     9.963 r  noc_tx_flit_OBUF[4]_inst/O
                         net (fo=0)                   0.000     9.963    noc_tx_flit[4]
    W13                                                               r  noc_tx_flit[4] (OUT)
  -------------------------------------------------------------------    -------------------

Slack:                    inf
  Source:                 noc_inst/noc_tx_flit_reg[7]/C
                            (rising edge-triggered cell FDCE clocked by sys_clk  {rise@0.000ns fall@7.500ns period=15.000ns})
  Destination:            noc_tx_flit[7]
                            (output port)
  Path Group:             (none)
  Path Type:              Max at Slow Process Corner
  Data Path Delay:        5.312ns  (logic 3.052ns (57.464%)  route 2.259ns (42.536%))
  Logic Levels:           1  (OBUF=1)
  Clock Uncertainty:      0.025ns  ((TSJ^2 + TIJ^2)^1/2 + DJ) / 2 + PE
    Total System Jitter     (TSJ):    0.050ns
    Total Input Jitter      (TIJ):    0.000ns
    Discrete Jitter          (DJ):    0.000ns
    Phase Error              (PE):    0.000ns

    Location             Delay type                Incr(ns)  Path(ns)    Netlist Resource(s)
  -------------------------------------------------------------------    -------------------
                         (clock sys_clk rise edge)    0.000     0.000 r  
    M18                                               0.000     0.000 r  clk (IN)
                         net (fo=0)                   0.000     0.000    clk
    M18                  IBUF (Prop_ibuf_I_O)         0.938     0.938 r  clk_IBUF_inst/O
                         net (fo=1, routed)           1.972     2.910    clk_IBUF
    BUFGCTRL_X0Y0        BUFG (Prop_bufg_I_O)         0.096     3.006 r  clk_IBUF_BUFG_inst/O
                         net (fo=452, routed)         1.615     4.621    noc_inst/clk_IBUF_BUFG
    SLICE_X5Y24          FDCE                                         r  noc_inst/noc_tx_flit_reg[7]/C
  -------------------------------------------------------------------    -------------------
    SLICE_X5Y24          FDCE (Prop_fdce_C_Q)         0.456     5.077 r  noc_inst/noc_tx_flit_reg[7]/Q
                         net (fo=1, routed)           2.259     7.336    noc_tx_flit_OBUF[7]
    W17                  OBUF (Prop_obuf_I_O)         2.596     9.933 r  noc_tx_flit_OBUF[7]_inst/O
                         net (fo=0)                   0.000     9.933    noc_tx_flit[7]
    W17                                                               r  noc_tx_flit[7] (OUT)
  -------------------------------------------------------------------    -------------------

Slack:                    inf
  Source:                 noc_inst/noc_tx_flit_reg[12]/C
                            (rising edge-triggered cell FDCE clocked by sys_clk  {rise@0.000ns fall@7.500ns period=15.000ns})
  Destination:            noc_tx_flit[12]
                            (output port)
  Path Group:             (none)
  Path Type:              Max at Slow Process Corner
  Data Path Delay:        5.244ns  (logic 3.118ns (59.463%)  route 2.126ns (40.537%))
  Logic Levels:           1  (OBUF=1)
  Clock Uncertainty:      0.025ns  ((TSJ^2 + TIJ^2)^1/2 + DJ) / 2 + PE
    Total System Jitter     (TSJ):    0.050ns
    Total Input Jitter      (TIJ):    0.000ns
    Discrete Jitter          (DJ):    0.000ns
    Phase Error              (PE):    0.000ns

    Location             Delay type                Incr(ns)  Path(ns)    Netlist Resource(s)
  -------------------------------------------------------------------    -------------------
                         (clock sys_clk rise edge)    0.000     0.000 r  
    M18                                               0.000     0.000 r  clk (IN)
                         net (fo=0)                   0.000     0.000    clk
    M18                  IBUF (Prop_ibuf_I_O)         0.938     0.938 r  clk_IBUF_inst/O
                         net (fo=1, routed)           1.972     2.910    clk_IBUF
    BUFGCTRL_X0Y0        BUFG (Prop_bufg_I_O)         0.096     3.006 r  clk_IBUF_BUFG_inst/O
                         net (fo=452, routed)         1.617     4.623    noc_inst/clk_IBUF_BUFG
    SLICE_X6Y26          FDCE                                         r  noc_inst/noc_tx_flit_reg[12]/C
  -------------------------------------------------------------------    -------------------
    SLICE_X6Y26          FDCE (Prop_fdce_C_Q)         0.518     5.141 r  noc_inst/noc_tx_flit_reg[12]/Q
                         net (fo=1, routed)           2.126     7.267    noc_tx_flit_OBUF[12]
    U17                  OBUF (Prop_obuf_I_O)         2.600     9.867 r  noc_tx_flit_OBUF[12]_inst/O
                         net (fo=0)                   0.000     9.867    noc_tx_flit[12]
    U17                                                               r  noc_tx_flit[12] (OUT)
  -------------------------------------------------------------------    -------------------





Min Delay Paths
--------------------------------------------------------------------------------------
Slack:                    inf
  Source:                 noc_inst/noc_tx_flit_reg[29]/C
                            (rising edge-triggered cell FDCE clocked by sys_clk  {rise@0.000ns fall@7.500ns period=15.000ns})
  Destination:            noc_tx_flit[29]
                            (output port)
  Path Group:             (none)
  Path Type:              Min at Fast Process Corner
  Data Path Delay:        1.577ns  (logic 1.247ns (79.042%)  route 0.331ns (20.958%))
  Logic Levels:           1  (OBUF=1)
  Clock Uncertainty:      0.025ns  ((TSJ^2 + TIJ^2)^1/2 + DJ) / 2 + PE
    Total System Jitter     (TSJ):    0.050ns
    Total Input Jitter      (TIJ):    0.000ns
    Discrete Jitter          (DJ):    0.000ns
    Phase Error              (PE):    0.000ns

    Location             Delay type                Incr(ns)  Path(ns)    Netlist Resource(s)
  -------------------------------------------------------------------    -------------------
                         (clock sys_clk rise edge)    0.000     0.000 r  
    M18                                               0.000     0.000 r  clk (IN)
                         net (fo=0)                   0.000     0.000    clk
    M18                  IBUF (Prop_ibuf_I_O)         0.167     0.167 r  clk_IBUF_inst/O
                         net (fo=1, routed)           0.634     0.801    clk_IBUF
    BUFGCTRL_X0Y0        BUFG (Prop_bufg_I_O)         0.026     0.827 r  clk_IBUF_BUFG_inst/O
                         net (fo=452, routed)         0.586     1.413    noc_inst/clk_IBUF_BUFG
    SLICE_X5Y31          FDCE                                         r  noc_inst/noc_tx_flit_reg[29]/C
  -------------------------------------------------------------------    -------------------
    SLICE_X5Y31          FDCE (Prop_fdce_C_Q)         0.141     1.554 r  noc_inst/noc_tx_flit_reg[29]/Q
                         net (fo=1, routed)           0.331     1.884    noc_tx_flit_OBUF[29]
    N18                  OBUF (Prop_obuf_I_O)         1.106     2.990 r  noc_tx_flit_OBUF[29]_inst/O
                         net (fo=0)                   0.000     2.990    noc_tx_flit[29]
    N18                                                               r  noc_tx_flit[29] (OUT)
  -------------------------------------------------------------------    -------------------

Slack:                    inf
  Source:                 noc_inst/noc_tx_flit_reg[27]/C
                            (rising edge-triggered cell FDCE clocked by sys_clk  {rise@0.000ns fall@7.500ns period=15.000ns})
  Destination:            noc_tx_flit[27]
                            (output port)
  Path Group:             (none)
  Path Type:              Min at Fast Process Corner
  Data Path Delay:        1.583ns  (logic 1.248ns (78.803%)  route 0.336ns (21.197%))
  Logic Levels:           1  (OBUF=1)
  Clock Uncertainty:      0.025ns  ((TSJ^2 + TIJ^2)^1/2 + DJ) / 2 + PE
    Total System Jitter     (TSJ):    0.050ns
    Total Input Jitter      (TIJ):    0.000ns
    Discrete Jitter          (DJ):    0.000ns
    Phase Error              (PE):    0.000ns

    Location             Delay type                Incr(ns)  Path(ns)    Netlist Resource(s)
  -------------------------------------------------------------------    -------------------
                         (clock sys_clk rise edge)    0.000     0.000 r  
    M18                                               0.000     0.000 r  clk (IN)
                         net (fo=0)                   0.000     0.000    clk
    M18                  IBUF (Prop_ibuf_I_O)         0.167     0.167 r  clk_IBUF_inst/O
                         net (fo=1, routed)           0.634     0.801    clk_IBUF
    BUFGCTRL_X0Y0        BUFG (Prop_bufg_I_O)         0.026     0.827 r  clk_IBUF_BUFG_inst/O
                         net (fo=452, routed)         0.584     1.411    noc_inst/clk_IBUF_BUFG
    SLICE_X5Y29          FDCE                                         r  noc_inst/noc_tx_flit_reg[27]/C
  -------------------------------------------------------------------    -------------------
    SLICE_X5Y29          FDCE (Prop_fdce_C_Q)         0.141     1.552 r  noc_inst/noc_tx_flit_reg[27]/Q
                         net (fo=1, routed)           0.336     1.887    noc_tx_flit_OBUF[27]
    P19                  OBUF (Prop_obuf_I_O)         1.107     2.994 r  noc_tx_flit_OBUF[27]_inst/O
                         net (fo=0)                   0.000     2.994    noc_tx_flit[27]
    P19                                                               r  noc_tx_flit[27] (OUT)
  -------------------------------------------------------------------    -------------------

Slack:                    inf
  Source:                 noc_inst/noc_tx_flit_reg[28]/C
                            (rising edge-triggered cell FDCE clocked by sys_clk  {rise@0.000ns fall@7.500ns period=15.000ns})
  Destination:            noc_tx_flit[28]
                            (output port)
  Path Group:             (none)
  Path Type:              Min at Fast Process Corner
  Data Path Delay:        1.591ns  (logic 1.254ns (78.783%)  route 0.338ns (21.217%))
  Logic Levels:           1  (OBUF=1)
  Clock Uncertainty:      0.025ns  ((TSJ^2 + TIJ^2)^1/2 + DJ) / 2 + PE
    Total System Jitter     (TSJ):    0.050ns
    Total Input Jitter      (TIJ):    0.000ns
    Discrete Jitter          (DJ):    0.000ns
    Phase Error              (PE):    0.000ns

    Location             Delay type                Incr(ns)  Path(ns)    Netlist Resource(s)
  -------------------------------------------------------------------    -------------------
                         (clock sys_clk rise edge)    0.000     0.000 r  
    M18                                               0.000     0.000 r  clk (IN)
                         net (fo=0)                   0.000     0.000    clk
    M18                  IBUF (Prop_ibuf_I_O)         0.167     0.167 r  clk_IBUF_inst/O
                         net (fo=1, routed)           0.634     0.801    clk_IBUF
    BUFGCTRL_X0Y0        BUFG (Prop_bufg_I_O)         0.026     0.827 r  clk_IBUF_BUFG_inst/O
                         net (fo=452, routed)         0.587     1.414    noc_inst/clk_IBUF_BUFG
    SLICE_X5Y32          FDCE                                         r  noc_inst/noc_tx_flit_reg[28]/C
  -------------------------------------------------------------------    -------------------
    SLICE_X5Y32          FDCE (Prop_fdce_C_Q)         0.141     1.555 r  noc_inst/noc_tx_flit_reg[28]/Q
                         net (fo=1, routed)           0.338     1.892    noc_tx_flit_OBUF[28]
    N19                  OBUF (Prop_obuf_I_O)         1.113     3.005 r  noc_tx_flit_OBUF[28]_inst/O
                         net (fo=0)                   0.000     3.005    noc_tx_flit[28]
    N19                                                               r  noc_tx_flit[28] (OUT)
  -------------------------------------------------------------------    -------------------

Slack:                    inf
  Source:                 noc_inst/noc_tx_flit_reg[30]/C
                            (rising edge-triggered cell FDCE clocked by sys_clk  {rise@0.000ns fall@7.500ns period=15.000ns})
  Destination:            noc_tx_flit[30]
                            (output port)
  Path Group:             (none)
  Path Type:              Min at Fast Process Corner
  Data Path Delay:        1.600ns  (logic 1.270ns (79.346%)  route 0.331ns (20.654%))
  Logic Levels:           1  (OBUF=1)
  Clock Uncertainty:      0.025ns  ((TSJ^2 + TIJ^2)^1/2 + DJ) / 2 + PE
    Total System Jitter     (TSJ):    0.050ns
    Total Input Jitter      (TIJ):    0.000ns
    Discrete Jitter          (DJ):    0.000ns
    Phase Error              (PE):    0.000ns

    Location             Delay type                Incr(ns)  Path(ns)    Netlist Resource(s)
  -------------------------------------------------------------------    -------------------
                         (clock sys_clk rise edge)    0.000     0.000 r  
    M18                                               0.000     0.000 r  clk (IN)
                         net (fo=0)                   0.000     0.000    clk
    M18                  IBUF (Prop_ibuf_I_O)         0.167     0.167 r  clk_IBUF_inst/O
                         net (fo=1, routed)           0.634     0.801    clk_IBUF
    BUFGCTRL_X0Y0        BUFG (Prop_bufg_I_O)         0.026     0.827 r  clk_IBUF_BUFG_inst/O
                         net (fo=452, routed)         0.587     1.414    noc_inst/clk_IBUF_BUFG
    SLICE_X5Y32          FDCE                                         r  noc_inst/noc_tx_flit_reg[30]/C
  -------------------------------------------------------------------    -------------------
    SLICE_X5Y32          FDCE (Prop_fdce_C_Q)         0.141     1.555 r  noc_inst/noc_tx_flit_reg[30]/Q
                         net (fo=1, routed)           0.331     1.885    noc_tx_flit_OBUF[30]
    K18                  OBUF (Prop_obuf_I_O)         1.129     3.014 r  noc_tx_flit_OBUF[30]_inst/O
                         net (fo=0)                   0.000     3.014    noc_tx_flit[30]
    K18                                                               r  noc_tx_flit[30] (OUT)
  -------------------------------------------------------------------    -------------------

Slack:                    inf
  Source:                 noc_inst/noc_tx_flit_reg[34]/C
                            (rising edge-triggered cell FDCE clocked by sys_clk  {rise@0.000ns fall@7.500ns period=15.000ns})
  Destination:            noc_tx_flit[34]
                            (output port)
  Path Group:             (none)
  Path Type:              Min at Fast Process Corner
  Data Path Delay:        1.620ns  (logic 1.275ns (78.707%)  route 0.345ns (21.293%))
  Logic Levels:           1  (OBUF=1)
  Clock Uncertainty:      0.025ns  ((TSJ^2 + TIJ^2)^1/2 + DJ) / 2 + PE
    Total System Jitter     (TSJ):    0.050ns
    Total Input Jitter      (TIJ):    0.000ns
    Discrete Jitter          (DJ):    0.000ns
    Phase Error              (PE):    0.000ns

    Location             Delay type                Incr(ns)  Path(ns)    Netlist Resource(s)
  -------------------------------------------------------------------    -------------------
                         (clock sys_clk rise edge)    0.000     0.000 r  
    M18                                               0.000     0.000 r  clk (IN)
                         net (fo=0)                   0.000     0.000    clk
    M18                  IBUF (Prop_ibuf_I_O)         0.167     0.167 r  clk_IBUF_inst/O
                         net (fo=1, routed)           0.634     0.801    clk_IBUF
    BUFGCTRL_X0Y0        BUFG (Prop_bufg_I_O)         0.026     0.827 r  clk_IBUF_BUFG_inst/O
                         net (fo=452, routed)         0.589     1.416    noc_inst/clk_IBUF_BUFG
    SLICE_X3Y32          FDCE                                         r  noc_inst/noc_tx_flit_reg[34]/C
  -------------------------------------------------------------------    -------------------
    SLICE_X3Y32          FDCE (Prop_fdce_C_Q)         0.141     1.557 r  noc_inst/noc_tx_flit_reg[34]/Q
                         net (fo=1, routed)           0.345     1.902    noc_tx_flit_OBUF[34]
    J19                  OBUF (Prop_obuf_I_O)         1.134     3.036 r  noc_tx_flit_OBUF[34]_inst/O
                         net (fo=0)                   0.000     3.036    noc_tx_flit[34]
    J19                                                               r  noc_tx_flit[34] (OUT)
  -------------------------------------------------------------------    -------------------

Slack:                    inf
  Source:                 noc_inst/noc_tx_flit_reg[26]/C
                            (rising edge-triggered cell FDCE clocked by sys_clk  {rise@0.000ns fall@7.500ns period=15.000ns})
  Destination:            noc_tx_flit[26]
                            (output port)
  Path Group:             (none)
  Path Type:              Min at Fast Process Corner
  Data Path Delay:        1.647ns  (logic 1.254ns (76.176%)  route 0.392ns (23.824%))
  Logic Levels:           1  (OBUF=1)
  Clock Uncertainty:      0.025ns  ((TSJ^2 + TIJ^2)^1/2 + DJ) / 2 + PE
    Total System Jitter     (TSJ):    0.050ns
    Total Input Jitter      (TIJ):    0.000ns
    Discrete Jitter          (DJ):    0.000ns
    Phase Error              (PE):    0.000ns

    Location             Delay type                Incr(ns)  Path(ns)    Netlist Resource(s)
  -------------------------------------------------------------------    -------------------
                         (clock sys_clk rise edge)    0.000     0.000 r  
    M18                                               0.000     0.000 r  clk (IN)
                         net (fo=0)                   0.000     0.000    clk
    M18                  IBUF (Prop_ibuf_I_O)         0.167     0.167 r  clk_IBUF_inst/O
                         net (fo=1, routed)           0.634     0.801    clk_IBUF
    BUFGCTRL_X0Y0        BUFG (Prop_bufg_I_O)         0.026     0.827 r  clk_IBUF_BUFG_inst/O
                         net (fo=452, routed)         0.586     1.413    noc_inst/clk_IBUF_BUFG
    SLICE_X5Y31          FDCE                                         r  noc_inst/noc_tx_flit_reg[26]/C
  -------------------------------------------------------------------    -------------------
    SLICE_X5Y31          FDCE (Prop_fdce_C_Q)         0.141     1.554 r  noc_inst/noc_tx_flit_reg[26]/Q
                         net (fo=1, routed)           0.392     1.946    noc_tx_flit_OBUF[26]
    R19                  OBUF (Prop_obuf_I_O)         1.113     3.060 r  noc_tx_flit_OBUF[26]_inst/O
                         net (fo=0)                   0.000     3.060    noc_tx_flit[26]
    R19                                                               r  noc_tx_flit[26] (OUT)
  -------------------------------------------------------------------    -------------------

Slack:                    inf
  Source:                 noc_inst/noc_tx_flit_reg[31]/C
                            (rising edge-triggered cell FDCE clocked by sys_clk  {rise@0.000ns fall@7.500ns period=15.000ns})
  Destination:            noc_tx_flit[31]
                            (output port)
  Path Group:             (none)
  Path Type:              Min at Fast Process Corner
  Data Path Delay:        1.655ns  (logic 1.255ns (75.802%)  route 0.400ns (24.198%))
  Logic Levels:           1  (OBUF=1)
  Clock Uncertainty:      0.025ns  ((TSJ^2 + TIJ^2)^1/2 + DJ) / 2 + PE
    Total System Jitter     (TSJ):    0.050ns
    Total Input Jitter      (TIJ):    0.000ns
    Discrete Jitter          (DJ):    0.000ns
    Phase Error              (PE):    0.000ns

    Location             Delay type                Incr(ns)  Path(ns)    Netlist Resource(s)
  -------------------------------------------------------------------    -------------------
                         (clock sys_clk rise edge)    0.000     0.000 r  
    M18                                               0.000     0.000 r  clk (IN)
                         net (fo=0)                   0.000     0.000    clk
    M18                  IBUF (Prop_ibuf_I_O)         0.167     0.167 r  clk_IBUF_inst/O
                         net (fo=1, routed)           0.634     0.801    clk_IBUF
    BUFGCTRL_X0Y0        BUFG (Prop_bufg_I_O)         0.026     0.827 r  clk_IBUF_BUFG_inst/O
                         net (fo=452, routed)         0.589     1.416    noc_inst/clk_IBUF_BUFG
    SLICE_X3Y32          FDCE                                         r  noc_inst/noc_tx_flit_reg[31]/C
  -------------------------------------------------------------------    -------------------
    SLICE_X3Y32          FDCE (Prop_fdce_C_Q)         0.141     1.557 r  noc_inst/noc_tx_flit_reg[31]/Q
                         net (fo=1, routed)           0.400     1.957    noc_tx_flit_OBUF[31]
    L18                  OBUF (Prop_obuf_I_O)         1.114     3.071 r  noc_tx_flit_OBUF[31]_inst/O
                         net (fo=0)                   0.000     3.071    noc_tx_flit[31]
    L18                                                               r  noc_tx_flit[31] (OUT)
  -------------------------------------------------------------------    -------------------

Slack:                    inf
  Source:                 noc_inst/noc_tx_flit_reg[25]/C
                            (rising edge-triggered cell FDCE clocked by sys_clk  {rise@0.000ns fall@7.500ns period=15.000ns})
  Destination:            noc_tx_flit[25]
                            (output port)
  Path Group:             (none)
  Path Type:              Min at Fast Process Corner
  Data Path Delay:        1.674ns  (logic 1.270ns (75.867%)  route 0.404ns (24.133%))
  Logic Levels:           1  (OBUF=1)
  Clock Uncertainty:      0.025ns  ((TSJ^2 + TIJ^2)^1/2 + DJ) / 2 + PE
    Total System Jitter     (TSJ):    0.050ns
    Total Input Jitter      (TIJ):    0.000ns
    Discrete Jitter          (DJ):    0.000ns
    Phase Error              (PE):    0.000ns

    Location             Delay type                Incr(ns)  Path(ns)    Netlist Resource(s)
  -------------------------------------------------------------------    -------------------
                         (clock sys_clk rise edge)    0.000     0.000 r  
    M18                                               0.000     0.000 r  clk (IN)
                         net (fo=0)                   0.000     0.000    clk
    M18                  IBUF (Prop_ibuf_I_O)         0.167     0.167 r  clk_IBUF_inst/O
                         net (fo=1, routed)           0.634     0.801    clk_IBUF
    BUFGCTRL_X0Y0        BUFG (Prop_bufg_I_O)         0.026     0.827 r  clk_IBUF_BUFG_inst/O
                         net (fo=452, routed)         0.585     1.412    noc_inst/clk_IBUF_BUFG
    SLICE_X4Y30          FDCE                                         r  noc_inst/noc_tx_flit_reg[25]/C
  -------------------------------------------------------------------    -------------------
    SLICE_X4Y30          FDCE (Prop_fdce_C_Q)         0.141     1.553 r  noc_inst/noc_tx_flit_reg[25]/Q
                         net (fo=1, routed)           0.404     1.957    noc_tx_flit_OBUF[25]
    M19                  OBUF (Prop_obuf_I_O)         1.129     3.086 r  noc_tx_flit_OBUF[25]_inst/O
                         net (fo=0)                   0.000     3.086    noc_tx_flit[25]
    M19                                                               r  noc_tx_flit[25] (OUT)
  -------------------------------------------------------------------    -------------------

Slack:                    inf
  Source:                 noc_inst/noc_tx_flit_reg[24]/C
                            (rising edge-triggered cell FDCE clocked by sys_clk  {rise@0.000ns fall@7.500ns period=15.000ns})
  Destination:            noc_tx_flit[24]
                            (output port)
  Path Group:             (none)
  Path Type:              Min at Fast Process Corner
  Data Path Delay:        1.686ns  (logic 1.282ns (76.003%)  route 0.405ns (23.997%))
  Logic Levels:           1  (OBUF=1)
  Clock Uncertainty:      0.025ns  ((TSJ^2 + TIJ^2)^1/2 + DJ) / 2 + PE
    Total System Jitter     (TSJ):    0.050ns
    Total Input Jitter      (TIJ):    0.000ns
    Discrete Jitter          (DJ):    0.000ns
    Phase Error              (PE):    0.000ns

    Location             Delay type                Incr(ns)  Path(ns)    Netlist Resource(s)
  -------------------------------------------------------------------    -------------------
                         (clock sys_clk rise edge)    0.000     0.000 r  
    M18                                               0.000     0.000 r  clk (IN)
                         net (fo=0)                   0.000     0.000    clk
    M18                  IBUF (Prop_ibuf_I_O)         0.167     0.167 r  clk_IBUF_inst/O
                         net (fo=1, routed)           0.634     0.801    clk_IBUF
    BUFGCTRL_X0Y0        BUFG (Prop_bufg_I_O)         0.026     0.827 r  clk_IBUF_BUFG_inst/O
                         net (fo=452, routed)         0.584     1.411    noc_inst/clk_IBUF_BUFG
    SLICE_X5Y29          FDCE                                         r  noc_inst/noc_tx_flit_reg[24]/C
  -------------------------------------------------------------------    -------------------
    SLICE_X5Y29          FDCE (Prop_fdce_C_Q)         0.141     1.552 r  noc_inst/noc_tx_flit_reg[24]/Q
                         net (fo=1, routed)           0.405     1.957    noc_tx_flit_OBUF[24]
    L17                  OBUF (Prop_obuf_I_O)         1.141     3.097 r  noc_tx_flit_OBUF[24]_inst/O
                         net (fo=0)                   0.000     3.097    noc_tx_flit[24]
    L17                                                               r  noc_tx_flit[24] (OUT)
  -------------------------------------------------------------------    -------------------

Slack:                    inf
  Source:                 noc_inst/noc_tx_flit_reg[33]/C
                            (rising edge-triggered cell FDCE clocked by sys_clk  {rise@0.000ns fall@7.500ns period=15.000ns})
  Destination:            noc_tx_flit[33]
                            (output port)
  Path Group:             (none)
  Path Type:              Min at Fast Process Corner
  Data Path Delay:        1.689ns  (logic 1.313ns (77.745%)  route 0.376ns (22.255%))
  Logic Levels:           1  (OBUF=1)
  Clock Uncertainty:      0.025ns  ((TSJ^2 + TIJ^2)^1/2 + DJ) / 2 + PE
    Total System Jitter     (TSJ):    0.050ns
    Total Input Jitter      (TIJ):    0.000ns
    Discrete Jitter          (DJ):    0.000ns
    Phase Error              (PE):    0.000ns

    Location             Delay type                Incr(ns)  Path(ns)    Netlist Resource(s)
  -------------------------------------------------------------------    -------------------
                         (clock sys_clk rise edge)    0.000     0.000 r  
    M18                                               0.000     0.000 r  clk (IN)
                         net (fo=0)                   0.000     0.000    clk
    M18                  IBUF (Prop_ibuf_I_O)         0.167     0.167 r  clk_IBUF_inst/O
                         net (fo=1, routed)           0.634     0.801    clk_IBUF
    BUFGCTRL_X0Y0        BUFG (Prop_bufg_I_O)         0.026     0.827 r  clk_IBUF_BUFG_inst/O
                         net (fo=452, routed)         0.589     1.416    noc_inst/clk_IBUF_BUFG
    SLICE_X3Y32          FDCE                                         r  noc_inst/noc_tx_flit_reg[33]/C
  -------------------------------------------------------------------    -------------------
    SLICE_X3Y32          FDCE (Prop_fdce_C_Q)         0.128     1.544 r  noc_inst/noc_tx_flit_reg[33]/Q
                         net (fo=1, routed)           0.376     1.920    noc_tx_flit_OBUF[33]
    J17                  OBUF (Prop_obuf_I_O)         1.185     3.104 r  noc_tx_flit_OBUF[33]_inst/O
                         net (fo=0)                   0.000     3.104    noc_tx_flit[33]
    J17                                                               r  noc_tx_flit[33] (OUT)
  -------------------------------------------------------------------    -------------------





--------------------------------------------------------------------------------------
Path Group:  (none)
From Clock:  
  To Clock:  sys_clk

Max Delay            40 Endpoints
Min Delay            40 Endpoints
--------------------------------------------------------------------------------------


Max Delay Paths
--------------------------------------------------------------------------------------
Slack:                    inf
  Source:                 noc_tx_ready
                            (input port)
  Destination:            noc_inst/noc_tx_valid_reg/D
                            (rising edge-triggered cell FDCE clocked by sys_clk  {rise@0.000ns fall@7.500ns period=15.000ns})
  Path Group:             (none)
  Path Type:              Setup (Max at Slow Process Corner)
  Data Path Delay:        3.843ns  (logic 1.184ns (30.804%)  route 2.659ns (69.196%))
  Logic Levels:           3  (IBUF=1 LUT2=1 LUT6=1)
  Clock Path Skew:        4.273ns (DCD - SCD + CPR)
    Destination Clock Delay (DCD):    4.273ns
    Source Clock Delay      (SCD):    0.000ns
    Clock Pessimism Removal (CPR):    0.000ns
  Clock Uncertainty:      0.025ns  ((TSJ^2 + TIJ^2)^1/2 + DJ) / 2 + PE
    Total System Jitter     (TSJ):    0.050ns
    Total Input Jitter      (TIJ):    0.000ns
    Discrete Jitter          (DJ):    0.000ns
    Phase Error              (PE):    0.000ns

    Location             Delay type                Incr(ns)  Path(ns)    Netlist Resource(s)
  -------------------------------------------------------------------    -------------------
    H17                                               0.000     0.000 f  noc_tx_ready (IN)
                         net (fo=0)                   0.000     0.000    noc_tx_ready
    H17                  IBUF (Prop_ibuf_I_O)         0.936     0.936 f  noc_tx_ready_IBUF_inst/O
                         net (fo=3, routed)           1.632     2.567    noc_inst/noc_tx_ready_IBUF
    SLICE_X3Y32          LUT2 (Prop_lut2_I1_O)        0.124     2.691 f  noc_inst/FSM_onehot_state[2]_i_4/O
                         net (fo=4, routed)           1.027     3.719    noc_inst/FSM_onehot_state[2]_i_4_n_0
    SLICE_X4Y32          LUT6 (Prop_lut6_I4_O)        0.124     3.843 r  noc_inst/noc_tx_valid_i_1/O
                         net (fo=1, routed)           0.000     3.843    noc_inst/noc_tx_valid_i_1_n_0
    SLICE_X4Y32          FDCE                                         r  noc_inst/noc_tx_valid_reg/D
  -------------------------------------------------------------------    -------------------

                         (clock sys_clk rise edge)    0.000     0.000 r  
    M18                                               0.000     0.000 r  clk (IN)
                         net (fo=0)                   0.000     0.000    clk
    M18                  IBUF (Prop_ibuf_I_O)         0.805     0.805 r  clk_IBUF_inst/O
                         net (fo=1, routed)           1.868     2.673    clk_IBUF
    BUFGCTRL_X0Y0        BUFG (Prop_bufg_I_O)         0.091     2.764 r  clk_IBUF_BUFG_inst/O
                         net (fo=452, routed)         1.509     4.273    noc_inst/clk_IBUF_BUFG
    SLICE_X4Y32          FDCE                                         r  noc_inst/noc_tx_valid_reg/C

Slack:                    inf
  Source:                 noc_tx_ready
                            (input port)
  Destination:            noc_inst/FSM_onehot_state_reg[1]/D
                            (rising edge-triggered cell FDCE clocked by sys_clk  {rise@0.000ns fall@7.500ns period=15.000ns})
  Path Group:             (none)
  Path Type:              Setup (Max at Slow Process Corner)
  Data Path Delay:        3.629ns  (logic 1.184ns (32.620%)  route 2.445ns (67.380%))
  Logic Levels:           3  (IBUF=1 LUT2=1 LUT6=1)
  Clock Path Skew:        4.273ns (DCD - SCD + CPR)
    Destination Clock Delay (DCD):    4.273ns
    Source Clock Delay      (SCD):    0.000ns
    Clock Pessimism Removal (CPR):    0.000ns
  Clock Uncertainty:      0.025ns  ((TSJ^2 + TIJ^2)^1/2 + DJ) / 2 + PE
    Total System Jitter     (TSJ):    0.050ns
    Total Input Jitter      (TIJ):    0.000ns
    Discrete Jitter          (DJ):    0.000ns
    Phase Error              (PE):    0.000ns

    Location             Delay type                Incr(ns)  Path(ns)    Netlist Resource(s)
  -------------------------------------------------------------------    -------------------
    H17                                               0.000     0.000 r  noc_tx_ready (IN)
                         net (fo=0)                   0.000     0.000    noc_tx_ready
    H17                  IBUF (Prop_ibuf_I_O)         0.936     0.936 r  noc_tx_ready_IBUF_inst/O
                         net (fo=3, routed)           1.632     2.567    noc_inst/noc_tx_ready_IBUF
    SLICE_X3Y32          LUT2 (Prop_lut2_I1_O)        0.124     2.691 r  noc_inst/FSM_onehot_state[2]_i_4/O
                         net (fo=4, routed)           0.813     3.505    noc_inst/FSM_onehot_state[2]_i_4_n_0
    SLICE_X4Y32          LUT6 (Prop_lut6_I4_O)        0.124     3.629 r  noc_inst/FSM_onehot_state[1]_i_1__0/O
                         net (fo=1, routed)           0.000     3.629    noc_inst/FSM_onehot_state[1]_i_1__0_n_0
    SLICE_X4Y32          FDCE                                         r  noc_inst/FSM_onehot_state_reg[1]/D
  -------------------------------------------------------------------    -------------------

                         (clock sys_clk rise edge)    0.000     0.000 r  
    M18                                               0.000     0.000 r  clk (IN)
                         net (fo=0)                   0.000     0.000    clk
    M18                  IBUF (Prop_ibuf_I_O)         0.805     0.805 r  clk_IBUF_inst/O
                         net (fo=1, routed)           1.868     2.673    clk_IBUF
    BUFGCTRL_X0Y0        BUFG (Prop_bufg_I_O)         0.091     2.764 r  clk_IBUF_BUFG_inst/O
                         net (fo=452, routed)         1.509     4.273    noc_inst/clk_IBUF_BUFG
    SLICE_X4Y32          FDCE                                         r  noc_inst/FSM_onehot_state_reg[1]/C

Slack:                    inf
  Source:                 noc_tx_ready
                            (input port)
  Destination:            noc_inst/FSM_onehot_state_reg[2]/D
                            (rising edge-triggered cell FDCE clocked by sys_clk  {rise@0.000ns fall@7.500ns period=15.000ns})
  Path Group:             (none)
  Path Type:              Setup (Max at Slow Process Corner)
  Data Path Delay:        3.617ns  (logic 1.184ns (32.722%)  route 2.434ns (67.278%))
  Logic Levels:           3  (IBUF=1 LUT2=1 LUT6=1)
  Clock Path Skew:        4.273ns (DCD - SCD + CPR)
    Destination Clock Delay (DCD):    4.273ns
    Source Clock Delay      (SCD):    0.000ns
    Clock Pessimism Removal (CPR):    0.000ns
  Clock Uncertainty:      0.025ns  ((TSJ^2 + TIJ^2)^1/2 + DJ) / 2 + PE
    Total System Jitter     (TSJ):    0.050ns
    Total Input Jitter      (TIJ):    0.000ns
    Discrete Jitter          (DJ):    0.000ns
    Phase Error              (PE):    0.000ns

    Location             Delay type                Incr(ns)  Path(ns)    Netlist Resource(s)
  -------------------------------------------------------------------    -------------------
    H17                                               0.000     0.000 r  noc_tx_ready (IN)
                         net (fo=0)                   0.000     0.000    noc_tx_ready
    H17                  IBUF (Prop_ibuf_I_O)         0.936     0.936 r  noc_tx_ready_IBUF_inst/O
                         net (fo=3, routed)           1.632     2.567    noc_inst/noc_tx_ready_IBUF
    SLICE_X3Y32          LUT2 (Prop_lut2_I1_O)        0.124     2.691 r  noc_inst/FSM_onehot_state[2]_i_4/O
                         net (fo=4, routed)           0.802     3.493    noc_inst/FSM_onehot_state[2]_i_4_n_0
    SLICE_X4Y32          LUT6 (Prop_lut6_I4_O)        0.124     3.617 r  noc_inst/FSM_onehot_state[2]_i_1/O
                         net (fo=1, routed)           0.000     3.617    noc_inst/FSM_onehot_state[2]_i_1_n_0
    SLICE_X4Y32          FDCE                                         r  noc_inst/FSM_onehot_state_reg[2]/D
  -------------------------------------------------------------------    -------------------

                         (clock sys_clk rise edge)    0.000     0.000 r  
    M18                                               0.000     0.000 r  clk (IN)
                         net (fo=0)                   0.000     0.000    clk
    M18                  IBUF (Prop_ibuf_I_O)         0.805     0.805 r  clk_IBUF_inst/O
                         net (fo=1, routed)           1.868     2.673    clk_IBUF
    BUFGCTRL_X0Y0        BUFG (Prop_bufg_I_O)         0.091     2.764 r  clk_IBUF_BUFG_inst/O
                         net (fo=452, routed)         1.509     4.273    noc_inst/clk_IBUF_BUFG
    SLICE_X4Y32          FDCE                                         r  noc_inst/FSM_onehot_state_reg[2]/C

Slack:                    inf
  Source:                 noc_tx_ready
                            (input port)
  Destination:            noc_inst/noc_tx_flit_reg[0]/CE
                            (rising edge-triggered cell FDCE clocked by sys_clk  {rise@0.000ns fall@7.500ns period=15.000ns})
  Path Group:             (none)
  Path Type:              Setup (Max at Slow Process Corner)
  Data Path Delay:        3.514ns  (logic 1.060ns (30.158%)  route 2.454ns (69.842%))
  Logic Levels:           2  (IBUF=1 LUT6=1)
  Clock Path Skew:        4.264ns (DCD - SCD + CPR)
    Destination Clock Delay (DCD):    4.264ns
    Source Clock Delay      (SCD):    0.000ns
    Clock Pessimism Removal (CPR):    0.000ns
  Clock Uncertainty:      0.025ns  ((TSJ^2 + TIJ^2)^1/2 + DJ) / 2 + PE
    Total System Jitter     (TSJ):    0.050ns
    Total Input Jitter      (TIJ):    0.000ns
    Discrete Jitter          (DJ):    0.000ns
    Phase Error              (PE):    0.000ns

    Location             Delay type                Incr(ns)  Path(ns)    Netlist Resource(s)
  -------------------------------------------------------------------    -------------------
    H17                                               0.000     0.000 r  noc_tx_ready (IN)
                         net (fo=0)                   0.000     0.000    noc_tx_ready
    H17                  IBUF (Prop_ibuf_I_O)         0.936     0.936 r  noc_tx_ready_IBUF_inst/O
                         net (fo=3, routed)           1.653     2.589    noc_inst/noc_tx_ready_IBUF
    SLICE_X3Y32          LUT6 (Prop_lut6_I1_O)        0.124     2.713 r  noc_inst/noc_tx_flit[34]_i_1/O
                         net (fo=35, routed)          0.801     3.514    noc_inst/noc_tx_flit[34]_i_1_n_0
    SLICE_X4Y24          FDCE                                         r  noc_inst/noc_tx_flit_reg[0]/CE
  -------------------------------------------------------------------    -------------------

                         (clock sys_clk rise edge)    0.000     0.000 r  
    M18                                               0.000     0.000 r  clk (IN)
                         net (fo=0)                   0.000     0.000    clk
    M18                  IBUF (Prop_ibuf_I_O)         0.805     0.805 r  clk_IBUF_inst/O
                         net (fo=1, routed)           1.868     2.673    clk_IBUF
    BUFGCTRL_X0Y0        BUFG (Prop_bufg_I_O)         0.091     2.764 r  clk_IBUF_BUFG_inst/O
                         net (fo=452, routed)         1.500     4.264    noc_inst/clk_IBUF_BUFG
    SLICE_X4Y24          FDCE                                         r  noc_inst/noc_tx_flit_reg[0]/C

Slack:                    inf
  Source:                 noc_tx_ready
                            (input port)
  Destination:            noc_inst/noc_tx_flit_reg[11]/CE
                            (rising edge-triggered cell FDCE clocked by sys_clk  {rise@0.000ns fall@7.500ns period=15.000ns})
  Path Group:             (none)
  Path Type:              Setup (Max at Slow Process Corner)
  Data Path Delay:        3.505ns  (logic 1.060ns (30.235%)  route 2.445ns (69.765%))
  Logic Levels:           2  (IBUF=1 LUT6=1)
  Clock Path Skew:        4.264ns (DCD - SCD + CPR)
    Destination Clock Delay (DCD):    4.264ns
    Source Clock Delay      (SCD):    0.000ns
    Clock Pessimism Removal (CPR):    0.000ns
  Clock Uncertainty:      0.025ns  ((TSJ^2 + TIJ^2)^1/2 + DJ) / 2 + PE
    Total System Jitter     (TSJ):    0.050ns
    Total Input Jitter      (TIJ):    0.000ns
    Discrete Jitter          (DJ):    0.000ns
    Phase Error              (PE):    0.000ns

    Location             Delay type                Incr(ns)  Path(ns)    Netlist Resource(s)
  -------------------------------------------------------------------    -------------------
    H17                                               0.000     0.000 r  noc_tx_ready (IN)
                         net (fo=0)                   0.000     0.000    noc_tx_ready
    H17                  IBUF (Prop_ibuf_I_O)         0.936     0.936 r  noc_tx_ready_IBUF_inst/O
                         net (fo=3, routed)           1.653     2.589    noc_inst/noc_tx_ready_IBUF
    SLICE_X3Y32          LUT6 (Prop_lut6_I1_O)        0.124     2.713 r  noc_inst/noc_tx_flit[34]_i_1/O
                         net (fo=35, routed)          0.792     3.505    noc_inst/noc_tx_flit[34]_i_1_n_0
    SLICE_X5Y24          FDCE                                         r  noc_inst/noc_tx_flit_reg[11]/CE
  -------------------------------------------------------------------    -------------------

                         (clock sys_clk rise edge)    0.000     0.000 r  
    M18                                               0.000     0.000 r  clk (IN)
                         net (fo=0)                   0.000     0.000    clk
    M18                  IBUF (Prop_ibuf_I_O)         0.805     0.805 r  clk_IBUF_inst/O
                         net (fo=1, routed)           1.868     2.673    clk_IBUF
    BUFGCTRL_X0Y0        BUFG (Prop_bufg_I_O)         0.091     2.764 r  clk_IBUF_BUFG_inst/O
                         net (fo=452, routed)         1.500     4.264    noc_inst/clk_IBUF_BUFG
    SLICE_X5Y24          FDCE                                         r  noc_inst/noc_tx_flit_reg[11]/C

Slack:                    inf
  Source:                 noc_tx_ready
                            (input port)
  Destination:            noc_inst/noc_tx_flit_reg[4]/CE
                            (rising edge-triggered cell FDCE clocked by sys_clk  {rise@0.000ns fall@7.500ns period=15.000ns})
  Path Group:             (none)
  Path Type:              Setup (Max at Slow Process Corner)
  Data Path Delay:        3.505ns  (logic 1.060ns (30.235%)  route 2.445ns (69.765%))
  Logic Levels:           2  (IBUF=1 LUT6=1)
  Clock Path Skew:        4.264ns (DCD - SCD + CPR)
    Destination Clock Delay (DCD):    4.264ns
    Source Clock Delay      (SCD):    0.000ns
    Clock Pessimism Removal (CPR):    0.000ns
  Clock Uncertainty:      0.025ns  ((TSJ^2 + TIJ^2)^1/2 + DJ) / 2 + PE
    Total System Jitter     (TSJ):    0.050ns
    Total Input Jitter      (TIJ):    0.000ns
    Discrete Jitter          (DJ):    0.000ns
    Phase Error              (PE):    0.000ns

    Location             Delay type                Incr(ns)  Path(ns)    Netlist Resource(s)
  -------------------------------------------------------------------    -------------------
    H17                                               0.000     0.000 r  noc_tx_ready (IN)
                         net (fo=0)                   0.000     0.000    noc_tx_ready
    H17                  IBUF (Prop_ibuf_I_O)         0.936     0.936 r  noc_tx_ready_IBUF_inst/O
                         net (fo=3, routed)           1.653     2.589    noc_inst/noc_tx_ready_IBUF
    SLICE_X3Y32          LUT6 (Prop_lut6_I1_O)        0.124     2.713 r  noc_inst/noc_tx_flit[34]_i_1/O
                         net (fo=35, routed)          0.792     3.505    noc_inst/noc_tx_flit[34]_i_1_n_0
    SLICE_X5Y24          FDCE                                         r  noc_inst/noc_tx_flit_reg[4]/CE
  -------------------------------------------------------------------    -------------------

                         (clock sys_clk rise edge)    0.000     0.000 r  
    M18                                               0.000     0.000 r  clk (IN)
                         net (fo=0)                   0.000     0.000    clk
    M18                  IBUF (Prop_ibuf_I_O)         0.805     0.805 r  clk_IBUF_inst/O
                         net (fo=1, routed)           1.868     2.673    clk_IBUF
    BUFGCTRL_X0Y0        BUFG (Prop_bufg_I_O)         0.091     2.764 r  clk_IBUF_BUFG_inst/O
                         net (fo=452, routed)         1.500     4.264    noc_inst/clk_IBUF_BUFG
    SLICE_X5Y24          FDCE                                         r  noc_inst/noc_tx_flit_reg[4]/C

Slack:                    inf
  Source:                 noc_tx_ready
                            (input port)
  Destination:            noc_inst/noc_tx_flit_reg[6]/CE
                            (rising edge-triggered cell FDCE clocked by sys_clk  {rise@0.000ns fall@7.500ns period=15.000ns})
  Path Group:             (none)
  Path Type:              Setup (Max at Slow Process Corner)
  Data Path Delay:        3.505ns  (logic 1.060ns (30.235%)  route 2.445ns (69.765%))
  Logic Levels:           2  (IBUF=1 LUT6=1)
  Clock Path Skew:        4.264ns (DCD - SCD + CPR)
    Destination Clock Delay (DCD):    4.264ns
    Source Clock Delay      (SCD):    0.000ns
    Clock Pessimism Removal (CPR):    0.000ns
  Clock Uncertainty:      0.025ns  ((TSJ^2 + TIJ^2)^1/2 + DJ) / 2 + PE
    Total System Jitter     (TSJ):    0.050ns
    Total Input Jitter      (TIJ):    0.000ns
    Discrete Jitter          (DJ):    0.000ns
    Phase Error              (PE):    0.000ns

    Location             Delay type                Incr(ns)  Path(ns)    Netlist Resource(s)
  -------------------------------------------------------------------    -------------------
    H17                                               0.000     0.000 r  noc_tx_ready (IN)
                         net (fo=0)                   0.000     0.000    noc_tx_ready
    H17                  IBUF (Prop_ibuf_I_O)         0.936     0.936 r  noc_tx_ready_IBUF_inst/O
                         net (fo=3, routed)           1.653     2.589    noc_inst/noc_tx_ready_IBUF
    SLICE_X3Y32          LUT6 (Prop_lut6_I1_O)        0.124     2.713 r  noc_inst/noc_tx_flit[34]_i_1/O
                         net (fo=35, routed)          0.792     3.505    noc_inst/noc_tx_flit[34]_i_1_n_0
    SLICE_X5Y24          FDCE                                         r  noc_inst/noc_tx_flit_reg[6]/CE
  -------------------------------------------------------------------    -------------------

                         (clock sys_clk rise edge)    0.000     0.000 r  
    M18                                               0.000     0.000 r  clk (IN)
                         net (fo=0)                   0.000     0.000    clk
    M18                  IBUF (Prop_ibuf_I_O)         0.805     0.805 r  clk_IBUF_inst/O
                         net (fo=1, routed)           1.868     2.673    clk_IBUF
    BUFGCTRL_X0Y0        BUFG (Prop_bufg_I_O)         0.091     2.764 r  clk_IBUF_BUFG_inst/O
                         net (fo=452, routed)         1.500     4.264    noc_inst/clk_IBUF_BUFG
    SLICE_X5Y24          FDCE                                         r  noc_inst/noc_tx_flit_reg[6]/C

Slack:                    inf
  Source:                 noc_tx_ready
                            (input port)
  Destination:            noc_inst/noc_tx_flit_reg[7]/CE
                            (rising edge-triggered cell FDCE clocked by sys_clk  {rise@0.000ns fall@7.500ns period=15.000ns})
  Path Group:             (none)
  Path Type:              Setup (Max at Slow Process Corner)
  Data Path Delay:        3.505ns  (logic 1.060ns (30.235%)  route 2.445ns (69.765%))
  Logic Levels:           2  (IBUF=1 LUT6=1)
  Clock Path Skew:        4.264ns (DCD - SCD + CPR)
    Destination Clock Delay (DCD):    4.264ns
    Source Clock Delay      (SCD):    0.000ns
    Clock Pessimism Removal (CPR):    0.000ns
  Clock Uncertainty:      0.025ns  ((TSJ^2 + TIJ^2)^1/2 + DJ) / 2 + PE
    Total System Jitter     (TSJ):    0.050ns
    Total Input Jitter      (TIJ):    0.000ns
    Discrete Jitter          (DJ):    0.000ns
    Phase Error              (PE):    0.000ns

    Location             Delay type                Incr(ns)  Path(ns)    Netlist Resource(s)
  -------------------------------------------------------------------    -------------------
    H17                                               0.000     0.000 r  noc_tx_ready (IN)
                         net (fo=0)                   0.000     0.000    noc_tx_ready
    H17                  IBUF (Prop_ibuf_I_O)         0.936     0.936 r  noc_tx_ready_IBUF_inst/O
                         net (fo=3, routed)           1.653     2.589    noc_inst/noc_tx_ready_IBUF
    SLICE_X3Y32          LUT6 (Prop_lut6_I1_O)        0.124     2.713 r  noc_inst/noc_tx_flit[34]_i_1/O
                         net (fo=35, routed)          0.792     3.505    noc_inst/noc_tx_flit[34]_i_1_n_0
    SLICE_X5Y24          FDCE                                         r  noc_inst/noc_tx_flit_reg[7]/CE
  -------------------------------------------------------------------    -------------------

                         (clock sys_clk rise edge)    0.000     0.000 r  
    M18                                               0.000     0.000 r  clk (IN)
                         net (fo=0)                   0.000     0.000    clk
    M18                  IBUF (Prop_ibuf_I_O)         0.805     0.805 r  clk_IBUF_inst/O
                         net (fo=1, routed)           1.868     2.673    clk_IBUF
    BUFGCTRL_X0Y0        BUFG (Prop_bufg_I_O)         0.091     2.764 r  clk_IBUF_BUFG_inst/O
                         net (fo=452, routed)         1.500     4.264    noc_inst/clk_IBUF_BUFG
    SLICE_X5Y24          FDCE                                         r  noc_inst/noc_tx_flit_reg[7]/C

Slack:                    inf
  Source:                 noc_tx_ready
                            (input port)
  Destination:            noc_inst/noc_tx_flit_reg[10]/CE
                            (rising edge-triggered cell FDCE clocked by sys_clk  {rise@0.000ns fall@7.500ns period=15.000ns})
  Path Group:             (none)
  Path Type:              Setup (Max at Slow Process Corner)
  Data Path Delay:        3.496ns  (logic 1.060ns (30.312%)  route 2.436ns (69.688%))
  Logic Levels:           2  (IBUF=1 LUT6=1)
  Clock Path Skew:        4.264ns (DCD - SCD + CPR)
    Destination Clock Delay (DCD):    4.264ns
    Source Clock Delay      (SCD):    0.000ns
    Clock Pessimism Removal (CPR):    0.000ns
  Clock Uncertainty:      0.025ns  ((TSJ^2 + TIJ^2)^1/2 + DJ) / 2 + PE
    Total System Jitter     (TSJ):    0.050ns
    Total Input Jitter      (TIJ):    0.000ns
    Discrete Jitter          (DJ):    0.000ns
    Phase Error              (PE):    0.000ns

    Location             Delay type                Incr(ns)  Path(ns)    Netlist Resource(s)
  -------------------------------------------------------------------    -------------------
    H17                                               0.000     0.000 r  noc_tx_ready (IN)
                         net (fo=0)                   0.000     0.000    noc_tx_ready
    H17                  IBUF (Prop_ibuf_I_O)         0.936     0.936 r  noc_tx_ready_IBUF_inst/O
                         net (fo=3, routed)           1.653     2.589    noc_inst/noc_tx_ready_IBUF
    SLICE_X3Y32          LUT6 (Prop_lut6_I1_O)        0.124     2.713 r  noc_inst/noc_tx_flit[34]_i_1/O
                         net (fo=35, routed)          0.783     3.496    noc_inst/noc_tx_flit[34]_i_1_n_0
    SLICE_X6Y24          FDCE                                         r  noc_inst/noc_tx_flit_reg[10]/CE
  -------------------------------------------------------------------    -------------------

                         (clock sys_clk rise edge)    0.000     0.000 r  
    M18                                               0.000     0.000 r  clk (IN)
                         net (fo=0)                   0.000     0.000    clk
    M18                  IBUF (Prop_ibuf_I_O)         0.805     0.805 r  clk_IBUF_inst/O
                         net (fo=1, routed)           1.868     2.673    clk_IBUF
    BUFGCTRL_X0Y0        BUFG (Prop_bufg_I_O)         0.091     2.764 r  clk_IBUF_BUFG_inst/O
                         net (fo=452, routed)         1.500     4.264    noc_inst/clk_IBUF_BUFG
    SLICE_X6Y24          FDCE                                         r  noc_inst/noc_tx_flit_reg[10]/C

Slack:                    inf
  Source:                 noc_tx_ready
                            (input port)
  Destination:            noc_inst/noc_tx_flit_reg[2]/CE
                            (rising edge-triggered cell FDCE clocked by sys_clk  {rise@0.000ns fall@7.500ns period=15.000ns})
  Path Group:             (none)
  Path Type:              Setup (Max at Slow Process Corner)
  Data Path Delay:        3.496ns  (logic 1.060ns (30.312%)  route 2.436ns (69.688%))
  Logic Levels:           2  (IBUF=1 LUT6=1)
  Clock Path Skew:        4.264ns (DCD - SCD + CPR)
    Destination Clock Delay (DCD):    4.264ns
    Source Clock Delay      (SCD):    0.000ns
    Clock Pessimism Removal (CPR):    0.000ns
  Clock Uncertainty:      0.025ns  ((TSJ^2 + TIJ^2)^1/2 + DJ) / 2 + PE
    Total System Jitter     (TSJ):    0.050ns
    Total Input Jitter      (TIJ):    0.000ns
    Discrete Jitter          (DJ):    0.000ns
    Phase Error              (PE):    0.000ns

    Location             Delay type                Incr(ns)  Path(ns)    Netlist Resource(s)
  -------------------------------------------------------------------    -------------------
    H17                                               0.000     0.000 r  noc_tx_ready (IN)
                         net (fo=0)                   0.000     0.000    noc_tx_ready
    H17                  IBUF (Prop_ibuf_I_O)         0.936     0.936 r  noc_tx_ready_IBUF_inst/O
                         net (fo=3, routed)           1.653     2.589    noc_inst/noc_tx_ready_IBUF
    SLICE_X3Y32          LUT6 (Prop_lut6_I1_O)        0.124     2.713 r  noc_inst/noc_tx_flit[34]_i_1/O
                         net (fo=35, routed)          0.783     3.496    noc_inst/noc_tx_flit[34]_i_1_n_0
    SLICE_X6Y24          FDCE                                         r  noc_inst/noc_tx_flit_reg[2]/CE
  -------------------------------------------------------------------    -------------------

                         (clock sys_clk rise edge)    0.000     0.000 r  
    M18                                               0.000     0.000 r  clk (IN)
                         net (fo=0)                   0.000     0.000    clk
    M18                  IBUF (Prop_ibuf_I_O)         0.805     0.805 r  clk_IBUF_inst/O
                         net (fo=1, routed)           1.868     2.673    clk_IBUF
    BUFGCTRL_X0Y0        BUFG (Prop_bufg_I_O)         0.091     2.764 r  clk_IBUF_BUFG_inst/O
                         net (fo=452, routed)         1.500     4.264    noc_inst/clk_IBUF_BUFG
    SLICE_X6Y24          FDCE                                         r  noc_inst/noc_tx_flit_reg[2]/C





Min Delay Paths
--------------------------------------------------------------------------------------
Slack:                    inf
  Source:                 noc_tx_ready
                            (input port)
  Destination:            noc_inst/req_ready_reg/D
                            (rising edge-triggered cell FDPE clocked by sys_clk  {rise@0.000ns fall@7.500ns period=15.000ns})
  Path Group:             (none)
  Path Type:              Hold (Min at Fast Process Corner)
  Data Path Delay:        0.711ns  (logic 0.210ns (29.517%)  route 0.501ns (70.483%))
  Logic Levels:           2  (IBUF=1 LUT6=1)
  Clock Path Skew:        1.930ns (DCD - SCD - CPR)
    Destination Clock Delay (DCD):    1.930ns
    Source Clock Delay      (SCD):    0.000ns
    Clock Pessimism Removal (CPR):    -0.000ns

    Location             Delay type                Incr(ns)  Path(ns)    Netlist Resource(s)
  -------------------------------------------------------------------    -------------------
    H17                                               0.000     0.000 r  noc_tx_ready (IN)
                         net (fo=0)                   0.000     0.000    noc_tx_ready
    H17                  IBUF (Prop_ibuf_I_O)         0.165     0.165 r  noc_tx_ready_IBUF_inst/O
                         net (fo=3, routed)           0.501     0.666    noc_inst/noc_tx_ready_IBUF
    SLICE_X4Y33          LUT6 (Prop_lut6_I4_O)        0.045     0.711 r  noc_inst/req_ready_i_1/O
                         net (fo=1, routed)           0.000     0.711    noc_inst/req_ready_i_1_n_0
    SLICE_X4Y33          FDPE                                         r  noc_inst/req_ready_reg/D
  -------------------------------------------------------------------    -------------------

                         (clock sys_clk rise edge)    0.000     0.000 r  
    M18                                               0.000     0.000 r  clk (IN)
                         net (fo=0)                   0.000     0.000    clk
    M18                  IBUF (Prop_ibuf_I_O)         0.356     0.356 r  clk_IBUF_inst/O
                         net (fo=1, routed)           0.689     1.044    clk_IBUF
    BUFGCTRL_X0Y0        BUFG (Prop_bufg_I_O)         0.029     1.073 r  clk_IBUF_BUFG_inst/O
                         net (fo=452, routed)         0.857     1.930    noc_inst/clk_IBUF_BUFG
    SLICE_X4Y33          FDPE                                         r  noc_inst/req_ready_reg/C

Slack:                    inf
  Source:                 noc_tx_ready
                            (input port)
  Destination:            noc_inst/noc_tx_flit_reg[26]/CE
                            (rising edge-triggered cell FDCE clocked by sys_clk  {rise@0.000ns fall@7.500ns period=15.000ns})
  Path Group:             (none)
  Path Type:              Hold (Min at Fast Process Corner)
  Data Path Delay:        1.032ns  (logic 0.210ns (20.331%)  route 0.822ns (79.669%))
  Logic Levels:           2  (IBUF=1 LUT6=1)
  Clock Path Skew:        1.928ns (DCD - SCD - CPR)
    Destination Clock Delay (DCD):    1.928ns
    Source Clock Delay      (SCD):    0.000ns
    Clock Pessimism Removal (CPR):    -0.000ns

    Location             Delay type                Incr(ns)  Path(ns)    Netlist Resource(s)
  -------------------------------------------------------------------    -------------------
    H17                                               0.000     0.000 r  noc_tx_ready (IN)
                         net (fo=0)                   0.000     0.000    noc_tx_ready
    H17                  IBUF (Prop_ibuf_I_O)         0.165     0.165 r  noc_tx_ready_IBUF_inst/O
                         net (fo=3, routed)           0.635     0.800    noc_inst/noc_tx_ready_IBUF
    SLICE_X3Y32          LUT6 (Prop_lut6_I1_O)        0.045     0.845 r  noc_inst/noc_tx_flit[34]_i_1/O
                         net (fo=35, routed)          0.187     1.032    noc_inst/noc_tx_flit[34]_i_1_n_0
    SLICE_X5Y31          FDCE                                         r  noc_inst/noc_tx_flit_reg[26]/CE
  -------------------------------------------------------------------    -------------------

                         (clock sys_clk rise edge)    0.000     0.000 r  
    M18                                               0.000     0.000 r  clk (IN)
                         net (fo=0)                   0.000     0.000    clk
    M18                  IBUF (Prop_ibuf_I_O)         0.356     0.356 r  clk_IBUF_inst/O
                         net (fo=1, routed)           0.689     1.044    clk_IBUF
    BUFGCTRL_X0Y0        BUFG (Prop_bufg_I_O)         0.029     1.073 r  clk_IBUF_BUFG_inst/O
                         net (fo=452, routed)         0.855     1.928    noc_inst/clk_IBUF_BUFG
    SLICE_X5Y31          FDCE                                         r  noc_inst/noc_tx_flit_reg[26]/C

Slack:                    inf
  Source:                 noc_tx_ready
                            (input port)
  Destination:            noc_inst/noc_tx_flit_reg[29]/CE
                            (rising edge-triggered cell FDCE clocked by sys_clk  {rise@0.000ns fall@7.500ns period=15.000ns})
  Path Group:             (none)
  Path Type:              Hold (Min at Fast Process Corner)
  Data Path Delay:        1.032ns  (logic 0.210ns (20.331%)  route 0.822ns (79.669%))
  Logic Levels:           2  (IBUF=1 LUT6=1)
  Clock Path Skew:        1.928ns (DCD - SCD - CPR)
    Destination Clock Delay (DCD):    1.928ns
    Source Clock Delay      (SCD):    0.000ns
    Clock Pessimism Removal (CPR):    -0.000ns

    Location             Delay type                Incr(ns)  Path(ns)    Netlist Resource(s)
  -------------------------------------------------------------------    -------------------
    H17                                               0.000     0.000 r  noc_tx_ready (IN)
                         net (fo=0)                   0.000     0.000    noc_tx_ready
    H17                  IBUF (Prop_ibuf_I_O)         0.165     0.165 r  noc_tx_ready_IBUF_inst/O
                         net (fo=3, routed)           0.635     0.800    noc_inst/noc_tx_ready_IBUF
    SLICE_X3Y32          LUT6 (Prop_lut6_I1_O)        0.045     0.845 r  noc_inst/noc_tx_flit[34]_i_1/O
                         net (fo=35, routed)          0.187     1.032    noc_inst/noc_tx_flit[34]_i_1_n_0
    SLICE_X5Y31          FDCE                                         r  noc_inst/noc_tx_flit_reg[29]/CE
  -------------------------------------------------------------------    -------------------

                         (clock sys_clk rise edge)    0.000     0.000 r  
    M18                                               0.000     0.000 r  clk (IN)
                         net (fo=0)                   0.000     0.000    clk
    M18                  IBUF (Prop_ibuf_I_O)         0.356     0.356 r  clk_IBUF_inst/O
                         net (fo=1, routed)           0.689     1.044    clk_IBUF
    BUFGCTRL_X0Y0        BUFG (Prop_bufg_I_O)         0.029     1.073 r  clk_IBUF_BUFG_inst/O
                         net (fo=452, routed)         0.855     1.928    noc_inst/clk_IBUF_BUFG
    SLICE_X5Y31          FDCE                                         r  noc_inst/noc_tx_flit_reg[29]/C

Slack:                    inf
  Source:                 noc_tx_ready
                            (input port)
  Destination:            noc_inst/noc_tx_flit_reg[21]/CE
                            (rising edge-triggered cell FDCE clocked by sys_clk  {rise@0.000ns fall@7.500ns period=15.000ns})
  Path Group:             (none)
  Path Type:              Hold (Min at Fast Process Corner)
  Data Path Delay:        1.058ns  (logic 0.210ns (19.834%)  route 0.848ns (80.166%))
  Logic Levels:           2  (IBUF=1 LUT6=1)
  Clock Path Skew:        1.928ns (DCD - SCD - CPR)
    Destination Clock Delay (DCD):    1.928ns
    Source Clock Delay      (SCD):    0.000ns
    Clock Pessimism Removal (CPR):    -0.000ns

    Location             Delay type                Incr(ns)  Path(ns)    Netlist Resource(s)
  -------------------------------------------------------------------    -------------------
    H17                                               0.000     0.000 r  noc_tx_ready (IN)
                         net (fo=0)                   0.000     0.000    noc_tx_ready
    H17                  IBUF (Prop_ibuf_I_O)         0.165     0.165 r  noc_tx_ready_IBUF_inst/O
                         net (fo=3, routed)           0.635     0.800    noc_inst/noc_tx_ready_IBUF
    SLICE_X3Y32          LUT6 (Prop_lut6_I1_O)        0.045     0.845 r  noc_inst/noc_tx_flit[34]_i_1/O
                         net (fo=35, routed)          0.213     1.058    noc_inst/noc_tx_flit[34]_i_1_n_0
    SLICE_X6Y31          FDCE                                         r  noc_inst/noc_tx_flit_reg[21]/CE
  -------------------------------------------------------------------    -------------------

                         (clock sys_clk rise edge)    0.000     0.000 r  
    M18                                               0.000     0.000 r  clk (IN)
                         net (fo=0)                   0.000     0.000    clk
    M18                  IBUF (Prop_ibuf_I_O)         0.356     0.356 r  clk_IBUF_inst/O
                         net (fo=1, routed)           0.689     1.044    clk_IBUF
    BUFGCTRL_X0Y0        BUFG (Prop_bufg_I_O)         0.029     1.073 r  clk_IBUF_BUFG_inst/O
                         net (fo=452, routed)         0.855     1.928    noc_inst/clk_IBUF_BUFG
    SLICE_X6Y31          FDCE                                         r  noc_inst/noc_tx_flit_reg[21]/C

Slack:                    inf
  Source:                 noc_tx_ready
                            (input port)
  Destination:            noc_inst/FSM_onehot_state_reg[0]/D
                            (rising edge-triggered cell FDPE clocked by sys_clk  {rise@0.000ns fall@7.500ns period=15.000ns})
  Path Group:             (none)
  Path Type:              Hold (Min at Fast Process Corner)
  Data Path Delay:        1.063ns  (logic 0.255ns (23.974%)  route 0.808ns (76.026%))
  Logic Levels:           3  (IBUF=1 LUT2=1 LUT6=1)
  Clock Path Skew:        1.929ns (DCD - SCD - CPR)
    Destination Clock Delay (DCD):    1.929ns
    Source Clock Delay      (SCD):    0.000ns
    Clock Pessimism Removal (CPR):    -0.000ns

    Location             Delay type                Incr(ns)  Path(ns)    Netlist Resource(s)
  -------------------------------------------------------------------    -------------------
    H17                                               0.000     0.000 r  noc_tx_ready (IN)
                         net (fo=0)                   0.000     0.000    noc_tx_ready
    H17                  IBUF (Prop_ibuf_I_O)         0.165     0.165 r  noc_tx_ready_IBUF_inst/O
                         net (fo=3, routed)           0.639     0.803    noc_inst/noc_tx_ready_IBUF
    SLICE_X3Y32          LUT2 (Prop_lut2_I1_O)        0.045     0.848 r  noc_inst/FSM_onehot_state[2]_i_4/O
                         net (fo=4, routed)           0.170     1.018    noc_inst/FSM_onehot_state[2]_i_4_n_0
    SLICE_X4Y32          LUT6 (Prop_lut6_I4_O)        0.045     1.063 r  noc_inst/FSM_onehot_state[0]_i_1__0/O
                         net (fo=1, routed)           0.000     1.063    noc_inst/FSM_onehot_state[0]_i_1__0_n_0
    SLICE_X4Y32          FDPE                                         r  noc_inst/FSM_onehot_state_reg[0]/D
  -------------------------------------------------------------------    -------------------

                         (clock sys_clk rise edge)    0.000     0.000 r  
    M18                                               0.000     0.000 r  clk (IN)
                         net (fo=0)                   0.000     0.000    clk
    M18                  IBUF (Prop_ibuf_I_O)         0.356     0.356 r  clk_IBUF_inst/O
                         net (fo=1, routed)           0.689     1.044    clk_IBUF
    BUFGCTRL_X0Y0        BUFG (Prop_bufg_I_O)         0.029     1.073 r  clk_IBUF_BUFG_inst/O
                         net (fo=452, routed)         0.856     1.929    noc_inst/clk_IBUF_BUFG
    SLICE_X4Y32          FDPE                                         r  noc_inst/FSM_onehot_state_reg[0]/C

Slack:                    inf
  Source:                 noc_tx_ready
                            (input port)
  Destination:            noc_inst/noc_tx_flit_reg[22]/CE
                            (rising edge-triggered cell FDCE clocked by sys_clk  {rise@0.000ns fall@7.500ns period=15.000ns})
  Path Group:             (none)
  Path Type:              Hold (Min at Fast Process Corner)
  Data Path Delay:        1.078ns  (logic 0.210ns (19.470%)  route 0.868ns (80.530%))
  Logic Levels:           2  (IBUF=1 LUT6=1)
  Clock Path Skew:        1.927ns (DCD - SCD - CPR)
    Destination Clock Delay (DCD):    1.927ns
    Source Clock Delay      (SCD):    0.000ns
    Clock Pessimism Removal (CPR):    -0.000ns

    Location             Delay type                Incr(ns)  Path(ns)    Netlist Resource(s)
  -------------------------------------------------------------------    -------------------
    H17                                               0.000     0.000 r  noc_tx_ready (IN)
                         net (fo=0)                   0.000     0.000    noc_tx_ready
    H17                  IBUF (Prop_ibuf_I_O)         0.165     0.165 r  noc_tx_ready_IBUF_inst/O
                         net (fo=3, routed)           0.635     0.800    noc_inst/noc_tx_ready_IBUF
    SLICE_X3Y32          LUT6 (Prop_lut6_I1_O)        0.045     0.845 r  noc_inst/noc_tx_flit[34]_i_1/O
                         net (fo=35, routed)          0.233     1.078    noc_inst/noc_tx_flit[34]_i_1_n_0
    SLICE_X4Y30          FDCE                                         r  noc_inst/noc_tx_flit_reg[22]/CE
  -------------------------------------------------------------------    -------------------

                         (clock sys_clk rise edge)    0.000     0.000 r  
    M18                                               0.000     0.000 r  clk (IN)
                         net (fo=0)                   0.000     0.000    clk
    M18                  IBUF (Prop_ibuf_I_O)         0.356     0.356 r  clk_IBUF_inst/O
                         net (fo=1, routed)           0.689     1.044    clk_IBUF
    BUFGCTRL_X0Y0        BUFG (Prop_bufg_I_O)         0.029     1.073 r  clk_IBUF_BUFG_inst/O
                         net (fo=452, routed)         0.854     1.927    noc_inst/clk_IBUF_BUFG
    SLICE_X4Y30          FDCE                                         r  noc_inst/noc_tx_flit_reg[22]/C

Slack:                    inf
  Source:                 noc_tx_ready
                            (input port)
  Destination:            noc_inst/noc_tx_flit_reg[23]/CE
                            (rising edge-triggered cell FDCE clocked by sys_clk  {rise@0.000ns fall@7.500ns period=15.000ns})
  Path Group:             (none)
  Path Type:              Hold (Min at Fast Process Corner)
  Data Path Delay:        1.078ns  (logic 0.210ns (19.470%)  route 0.868ns (80.530%))
  Logic Levels:           2  (IBUF=1 LUT6=1)
  Clock Path Skew:        1.927ns (DCD - SCD - CPR)
    Destination Clock Delay (DCD):    1.927ns
    Source Clock Delay      (SCD):    0.000ns
    Clock Pessimism Removal (CPR):    -0.000ns

    Location             Delay type                Incr(ns)  Path(ns)    Netlist Resource(s)
  -------------------------------------------------------------------    -------------------
    H17                                               0.000     0.000 r  noc_tx_ready (IN)
                         net (fo=0)                   0.000     0.000    noc_tx_ready
    H17                  IBUF (Prop_ibuf_I_O)         0.165     0.165 r  noc_tx_ready_IBUF_inst/O
                         net (fo=3, routed)           0.635     0.800    noc_inst/noc_tx_ready_IBUF
    SLICE_X3Y32          LUT6 (Prop_lut6_I1_O)        0.045     0.845 r  noc_inst/noc_tx_flit[34]_i_1/O
                         net (fo=35, routed)          0.233     1.078    noc_inst/noc_tx_flit[34]_i_1_n_0
    SLICE_X4Y30          FDCE                                         r  noc_inst/noc_tx_flit_reg[23]/CE
  -------------------------------------------------------------------    -------------------

                         (clock sys_clk rise edge)    0.000     0.000 r  
    M18                                               0.000     0.000 r  clk (IN)
                         net (fo=0)                   0.000     0.000    clk
    M18                  IBUF (Prop_ibuf_I_O)         0.356     0.356 r  clk_IBUF_inst/O
                         net (fo=1, routed)           0.689     1.044    clk_IBUF
    BUFGCTRL_X0Y0        BUFG (Prop_bufg_I_O)         0.029     1.073 r  clk_IBUF_BUFG_inst/O
                         net (fo=452, routed)         0.854     1.927    noc_inst/clk_IBUF_BUFG
    SLICE_X4Y30          FDCE                                         r  noc_inst/noc_tx_flit_reg[23]/C

Slack:                    inf
  Source:                 noc_tx_ready
                            (input port)
  Destination:            noc_inst/noc_tx_flit_reg[25]/CE
                            (rising edge-triggered cell FDCE clocked by sys_clk  {rise@0.000ns fall@7.500ns period=15.000ns})
  Path Group:             (none)
  Path Type:              Hold (Min at Fast Process Corner)
  Data Path Delay:        1.078ns  (logic 0.210ns (19.470%)  route 0.868ns (80.530%))
  Logic Levels:           2  (IBUF=1 LUT6=1)
  Clock Path Skew:        1.927ns (DCD - SCD - CPR)
    Destination Clock Delay (DCD):    1.927ns
    Source Clock Delay      (SCD):    0.000ns
    Clock Pessimism Removal (CPR):    -0.000ns

    Location             Delay type                Incr(ns)  Path(ns)    Netlist Resource(s)
  -------------------------------------------------------------------    -------------------
    H17                                               0.000     0.000 r  noc_tx_ready (IN)
                         net (fo=0)                   0.000     0.000    noc_tx_ready
    H17                  IBUF (Prop_ibuf_I_O)         0.165     0.165 r  noc_tx_ready_IBUF_inst/O
                         net (fo=3, routed)           0.635     0.800    noc_inst/noc_tx_ready_IBUF
    SLICE_X3Y32          LUT6 (Prop_lut6_I1_O)        0.045     0.845 r  noc_inst/noc_tx_flit[34]_i_1/O
                         net (fo=35, routed)          0.233     1.078    noc_inst/noc_tx_flit[34]_i_1_n_0
    SLICE_X4Y30          FDCE                                         r  noc_inst/noc_tx_flit_reg[25]/CE
  -------------------------------------------------------------------    -------------------

                         (clock sys_clk rise edge)    0.000     0.000 r  
    M18                                               0.000     0.000 r  clk (IN)
                         net (fo=0)                   0.000     0.000    clk
    M18                  IBUF (Prop_ibuf_I_O)         0.356     0.356 r  clk_IBUF_inst/O
                         net (fo=1, routed)           0.689     1.044    clk_IBUF
    BUFGCTRL_X0Y0        BUFG (Prop_bufg_I_O)         0.029     1.073 r  clk_IBUF_BUFG_inst/O
                         net (fo=452, routed)         0.854     1.927    noc_inst/clk_IBUF_BUFG
    SLICE_X4Y30          FDCE                                         r  noc_inst/noc_tx_flit_reg[25]/C

Slack:                    inf
  Source:                 noc_tx_ready
                            (input port)
  Destination:            noc_inst/noc_tx_flit_reg[28]/CE
                            (rising edge-triggered cell FDCE clocked by sys_clk  {rise@0.000ns fall@7.500ns period=15.000ns})
  Path Group:             (none)
  Path Type:              Hold (Min at Fast Process Corner)
  Data Path Delay:        1.087ns  (logic 0.210ns (19.305%)  route 0.877ns (80.695%))
  Logic Levels:           2  (IBUF=1 LUT6=1)
  Clock Path Skew:        1.929ns (DCD - SCD - CPR)
    Destination Clock Delay (DCD):    1.929ns
    Source Clock Delay      (SCD):    0.000ns
    Clock Pessimism Removal (CPR):    -0.000ns

    Location             Delay type                Incr(ns)  Path(ns)    Netlist Resource(s)
  -------------------------------------------------------------------    -------------------
    H17                                               0.000     0.000 r  noc_tx_ready (IN)
                         net (fo=0)                   0.000     0.000    noc_tx_ready
    H17                  IBUF (Prop_ibuf_I_O)         0.165     0.165 r  noc_tx_ready_IBUF_inst/O
                         net (fo=3, routed)           0.635     0.800    noc_inst/noc_tx_ready_IBUF
    SLICE_X3Y32          LUT6 (Prop_lut6_I1_O)        0.045     0.845 r  noc_inst/noc_tx_flit[34]_i_1/O
                         net (fo=35, routed)          0.242     1.087    noc_inst/noc_tx_flit[34]_i_1_n_0
    SLICE_X5Y32          FDCE                                         r  noc_inst/noc_tx_flit_reg[28]/CE
  -------------------------------------------------------------------    -------------------

                         (clock sys_clk rise edge)    0.000     0.000 r  
    M18                                               0.000     0.000 r  clk (IN)
                         net (fo=0)                   0.000     0.000    clk
    M18                  IBUF (Prop_ibuf_I_O)         0.356     0.356 r  clk_IBUF_inst/O
                         net (fo=1, routed)           0.689     1.044    clk_IBUF
    BUFGCTRL_X0Y0        BUFG (Prop_bufg_I_O)         0.029     1.073 r  clk_IBUF_BUFG_inst/O
                         net (fo=452, routed)         0.856     1.929    noc_inst/clk_IBUF_BUFG
    SLICE_X5Y32          FDCE                                         r  noc_inst/noc_tx_flit_reg[28]/C

Slack:                    inf
  Source:                 noc_tx_ready
                            (input port)
  Destination:            noc_inst/noc_tx_flit_reg[30]/CE
                            (rising edge-triggered cell FDCE clocked by sys_clk  {rise@0.000ns fall@7.500ns period=15.000ns})
  Path Group:             (none)
  Path Type:              Hold (Min at Fast Process Corner)
  Data Path Delay:        1.087ns  (logic 0.210ns (19.305%)  route 0.877ns (80.695%))
  Logic Levels:           2  (IBUF=1 LUT6=1)
  Clock Path Skew:        1.929ns (DCD - SCD - CPR)
    Destination Clock Delay (DCD):    1.929ns
    Source Clock Delay      (SCD):    0.000ns
    Clock Pessimism Removal (CPR):    -0.000ns

    Location             Delay type                Incr(ns)  Path(ns)    Netlist Resource(s)
  -------------------------------------------------------------------    -------------------
    H17                                               0.000     0.000 r  noc_tx_ready (IN)
                         net (fo=0)                   0.000     0.000    noc_tx_ready
    H17                  IBUF (Prop_ibuf_I_O)         0.165     0.165 r  noc_tx_ready_IBUF_inst/O
                         net (fo=3, routed)           0.635     0.800    noc_inst/noc_tx_ready_IBUF
    SLICE_X3Y32          LUT6 (Prop_lut6_I1_O)        0.045     0.845 r  noc_inst/noc_tx_flit[34]_i_1/O
                         net (fo=35, routed)          0.242     1.087    noc_inst/noc_tx_flit[34]_i_1_n_0
    SLICE_X5Y32          FDCE                                         r  noc_inst/noc_tx_flit_reg[30]/CE
  -------------------------------------------------------------------    -------------------

                         (clock sys_clk rise edge)    0.000     0.000 r  
    M18                                               0.000     0.000 r  clk (IN)
                         net (fo=0)                   0.000     0.000    clk
    M18                  IBUF (Prop_ibuf_I_O)         0.356     0.356 r  clk_IBUF_inst/O
                         net (fo=1, routed)           0.689     1.044    clk_IBUF
    BUFGCTRL_X0Y0        BUFG (Prop_bufg_I_O)         0.029     1.073 r  clk_IBUF_BUFG_inst/O
                         net (fo=452, routed)         0.856     1.929    noc_inst/clk_IBUF_BUFG
    SLICE_X5Y32          FDCE                                         r  noc_inst/noc_tx_flit_reg[30]/C





